usuario_id,ingreso_mensual,nivel_endeudamiento,frecuencia_ahorro,score_crediticio,Alimentación,Ocio,Otros,Salud,Transporte,Vivienda,Educación,Servicios,gasto_total,ratio_gasto_ingreso,perfil_financiero,recomendaciones
user_0000,5427.58,0.0,Alta,539,0.0,0.0,0.0,0.0,0.0,0.0,0.0,0.0,0.0,0.0,Saludable,['Mantener los hábitos financieros actuales']
user_0001,5946.28,1.0,Alta,575,0.0,0.0,0.0,0.0,1.0,0.0,0.0,0.0,1.0,0.00016817236995230633,En observación,['Priorizar el pago de deuda antes de nuevos compromisos financieros']
user_0002,3968.19,0.0,Alta,741,0.0,0.0,0.0,0.0,3.0,0.0,0.0,0.0,3.0,0.000756012186916453,Saludable,['Mantener los hábitos financieros actuales']
user_0003,537.96,1.0,Alta,779,0.0,0.0,0.0,0.0,2.0,0.0,0.0,0.0,2.0,0.00371774853148933,En observación,['Priorizar el pago de deuda antes de nuevos compromisos financieros']
user_0004,4952.41,0.38,Alta,592,0.0,0.0,32.0,0.0,2.0,0.0,0.0,0.0,34.0,0.0068653443474995,Saludable,['Priorizar el pago de deuda antes de nuevos compromisos financieros']
user_0005,3724.97,0.0,Alta,697,0.0,0.0,0.0,0.0,3.0,0.0,0.0,0.0,3.0,0.0008053756137633324,Saludable,['Mantener los hábitos financieros actuales']
user_0006,3608.69,0.0,Alta,766,0.0,0.0,0.0,0.0,0.0,0.0,0.0,0.0,0.0,0.0,Saludable,['Mantener los hábitos financieros actuales']
user_0007,7755.17,0.0,Alta,531,0.0,0.0,0.0,0.0,0.0,0.0,0.0,0.0,0.0,0.0,Saludable,['Mantener los hábitos financieros actuales']
user_0008,5758.91,0.0,Alta,465,0.0,0.0,11.0,0.0,5.0,0.0,0.0,0.0,16.0,0.0027783035331338745,Saludable,['Mantener los hábitos financieros actuales']
user_0009,452.72,1.0,Alta,566,0.0,0.0,0.0,0.0,0.0,0.0,0.0,0.0,0.0,0.0,En observación,['Priorizar el pago de deuda antes de nuevos compromisos financieros']
user_0010,4258.76,0.0,Alta,319,0.0,0.0,0.0,0.0,0.0,0.0,0.0,0.0,0.0,0.0,Saludable,['Mantener los hábitos financieros actuales']
user_0011,4676.24,0.0,Alta,457,0.0,0.0,5.0,0.0,0.0,0.0,0.0,0.0,5.0,0.001069235111970301,Saludable,['Mantener los hábitos financieros actuales']
user_0012,4755.81,0.0,Alta,564,0.0,0.0,6.0,0.0,5.0,0.0,0.0,0.0,11.0,0.0023129603579621558,Saludable,['Mantener los hábitos financieros actuales']
user_0013,3897.8,0.77,Alta,414,0.0,0.0,0.0,0.0,0.0,0.0,0.0,0.0,0.0,0.0,En observación,['Priorizar el pago de deuda antes de nuevos compromisos financieros']
user_0014,6860.99,0.0,Alta,480,0.0,0.0,8.0,0.0,0.0,0.0,0.0,0.0,8.0,0.001166012485078684,Saludable,['Mantener los hábitos financieros actuales']
user_0015,3594.88,1.0,Alta,357,0.0,0.0,163.0,0.0,2.0,0.0,0.0,0.0,165.0,0.045898611358376355,En observación,['Priorizar el pago de deuda antes de nuevos compromisos financieros']
user_0016,4366.14,1.0,Alta,736,0.0,0.0,17.0,0.0,0.0,0.0,0.0,0.0,17.0,0.003893599380688663,En observación,['Priorizar el pago de deuda antes de nuevos compromisos financieros']
user_0017,1562.47,0.0,Alta,531,0.0,0.0,0.0,0.0,24.0,0.0,0.0,0.0,24.0,0.015360294917662418,Saludable,['Mantener los hábitos financieros actuales']
user_0018,3772.85,1.0,Alta,436,0.0,0.0,5.0,0.0,0.0,0.0,0.0,0.0,5.0,0.0013252580940138093,En observación,['Priorizar el pago de deuda antes de nuevos compromisos financieros']
user_0019,3360.47,0.0,Alta,510,0.0,0.0,0.0,0.0,1.0,0.0,0.0,0.0,1.0,0.00029757742220582243,Saludable,['Mantener los hábitos financieros actuales']
user_0020,546.45,0.0,Alta,621,0.0,0.0,11.0,0.0,0.0,0.0,0.0,0.0,11.0,0.02012992954524659,Saludable,['Mantener los hábitos financieros actuales']
user_0021,1100.04,1.0,Alta,423,0.0,0.0,854.0,0.0,20.0,0.0,0.0,0.0,874.0,0.7945165630340715,En observación,['Priorizar el pago de deuda antes de nuevos compromisos financieros']
user_0022,4359.98,1.0,Alta,467,0.0,0.0,0.0,0.0,1.0,0.0,0.0,0.0,1.0,0.0002293588502699554,En observación,['Priorizar el pago de deuda antes de nuevos compromisos financieros']
user_0023,5472.63,0.0,Alta,470,0.0,0.0,6.0,0.0,3.0,0.0,0.0,0.0,9.0,0.0016445475027546171,Saludable,['Mantener los hábitos financieros actuales']
user_0024,3409.72,0.0,Alta,520,0.0,0.0,0.0,0.0,1.0,0.0,0.0,0.0,1.0,0.00029327921354246097,Saludable,['Mantener los hábitos financieros actuales']
user_0025,7088.02,0.77,Alta,485,0.0,0.0,0.0,0.0,1.0,0.0,0.0,0.0,1.0,0.00014108312335461807,En observación,['Priorizar el pago de deuda antes de nuevos compromisos financieros']
user_0026,2638.63,0.0,Alta,574,0.0,0.0,0.0,0.0,1.0,0.0,0.0,0.0,1.0,0.0003789845487999454,Saludable,['Mantener los hábitos financieros actuales']
user_0027,3421.17,1.0,Alta,461,0.0,0.0,0.0,0.0,0.0,0.0,0.0,0.0,0.0,0.0,En observación,['Priorizar el pago de deuda antes de nuevos compromisos financieros']
user_0028,489.6,0.0,Alta,839,0.0,0.0,0.0,0.0,0.0,0.0,0.0,0.0,0.0,0.0,Saludable,['Mantener los hábitos financieros actuales']
user_0029,5814.75,0.0,Alta,525,10.0,0.0,70.0,0.0,1.0,0.0,0.0,0.0,81.0,0.013930091577453889,Saludable,['Mantener los hábitos financieros actuales']
user_0030,4012.21,0.0,Alta,494,0.0,0.0,0.0,0.0,0.0,0.0,0.0,0.0,0.0,0.0,Saludable,['Mantener los hábitos financieros actuales']
user_0031,5847.76,0.66,Alta,381,0.0,0.0,0.0,0.0,3.0,0.0,0.0,0.0,3.0,0.0005130169500800306,En observación,['Priorizar el pago de deuda antes de nuevos compromisos financieros']
user_0032,3867.86,0.0,Alta,463,0.0,0.0,0.0,0.0,2.0,0.0,0.0,0.0,2.0,0.0005170817971694942,Saludable,['Mantener los hábitos financieros actuales']
user_0033,2986.05,1.0,Alta,817,6.0,0.0,1.0,31.0,2.0,0.0,0.0,0.0,40.0,0.013395622980191221,En observación,['Priorizar el pago de deuda antes de nuevos compromisos financieros']
user_0034,5954.54,0.0,Alta,557,19.0,26.0,9.0,0.0,0.0,0.0,0.0,0.0,54.0,0.00906871059729215,Saludable,['Mantener los hábitos financieros actuales']
user_0035,7443.93,0.0,Alta,606,10.0,0.0,171.0,48.0,2.0,0.0,0.0,0.0,231.0,0.03103199519608594,Saludable,['Mantener los hábitos financieros actuales']
user_0036,5366.53,1.0,Alta,400,0.0,0.0,0.0,0.0,1.0,0.0,0.0,0.0,1.0,0.0001863401490348512,En observación,['Priorizar el pago de deuda antes de nuevos compromisos financieros']
user_0037,8196.39,0.0,Alta,733,0.0,0.0,21.0,0.0,8.0,0.0,0.0,0.0,29.0,0.003538143011740535,Saludable,['Mantener los hábitos financieros actuales']
user_0038,4454.68,0.0,Alta,450,0.0,0.0,0.0,0.0,1.0,0.0,0.0,0.0,1.0,0.00022448301561503854,Saludable,['Mantener los hábitos financieros actuales']
user_0039,4002.22,0.13,Alta,802,5.0,29.0,12.0,0.0,0.0,0.0,0.0,0.0,46.0,0.011493621040322621,Saludable,['Mantener los hábitos financieros actuales']
user_0040,554.42,0.0,Media,785,5.0,0.0,0.0,0.0,15.0,0.0,0.0,0.0,20.0,0.03607373471375492,Saludable,['Mantener los hábitos financieros actuales']
user_0041,3453.57,1.0,Alta,739,20.0,0.0,0.0,0.0,2.0,0.0,0.0,0.0,22.0,0.006370219801538697,En observación,['Priorizar el pago de deuda antes de nuevos compromisos financieros']
user_0042,7092.63,0.3,Alta,404,0.0,0.0,0.0,0.0,16.0,0.0,0.0,0.0,16.0,0.002255862775867344,Saludable,['Mantener los hábitos financieros actuales']
user_0043,4385.42,0.53,Alta,645,0.0,0.0,0.0,0.0,2.0,0.0,0.0,0.0,2.0,0.00045605666047949796,En observación,['Priorizar el pago de deuda antes de nuevos compromisos financieros']
user_0044,3454.89,0.0,Alta,849,0.0,0.0,0.0,0.0,0.0,0.0,0.0,0.0,0.0,0.0,Saludable,['Mantener los hábitos financieros actuales']
user_0045,3928.32,0.2,Alta,523,18.0,0.0,89.0,0.0,3.0,0.0,0.0,0.0,110.0,0.028001792114695338,Saludable,['Mantener los hábitos financieros actuales']
user_0046,1405.36,1.0,Alta,400,0.0,0.0,0.0,0.0,0.0,0.0,0.0,0.0,0.0,0.0,En observación,['Priorizar el pago de deuda antes de nuevos compromisos financieros']
user_0047,5289.43,0.0,Alta,837,0.0,0.0,0.0,0.0,0.0,0.0,0.0,0.0,0.0,0.0,Saludable,['Mantener los hábitos financieros actuales']
user_0048,2824.83,0.0,Alta,839,0.0,0.0,6.0,0.0,0.0,0.0,0.0,0.0,6.0,0.0021240216225401174,Saludable,['Mantener los hábitos financieros actuales']
user_0049,4652.15,1.0,Alta,306,0.0,0.0,87.0,0.0,1.0,0.0,0.0,0.0,88.0,0.01891598508216631,En observación,['Priorizar el pago de deuda antes de nuevos compromisos financieros']
user_0050,7440.04,0.0,Alta,683,0.0,0.0,16.0,0.0,0.0,0.0,0.0,0.0,16.0,0.0021505260724404705,Saludable,['Mantener los hábitos financieros actuales']
user_0051,3764.94,0.0,Alta,473,0.0,0.0,0.0,0.0,0.0,0.0,0.0,0.0,0.0,0.0,Saludable,['Mantener los hábitos financieros actuales']
user_0052,2088.74,0.0,Alta,584,1.0,0.0,27.0,0.0,1.0,0.0,0.0,0.0,29.0,0.013883968325401919,Saludable,['Mantener los hábitos financieros actuales']
user_0053,9194.36,0.9,Alta,684,0.0,10.0,0.0,36.0,0.0,0.0,0.0,0.0,46.0,0.005003067097655519,En observación,['Priorizar el pago de deuda antes de nuevos compromisos financieros']
user_0054,2276.62,1.0,Alta,702,0.0,21.0,0.0,0.0,1.0,0.0,0.0,0.0,22.0,0.009663448445502544,En observación,['Priorizar el pago de deuda antes de nuevos compromisos financieros']
user_0055,513.47,1.0,Alta,315,0.0,0.0,0.0,0.0,6.0,0.0,0.0,0.0,6.0,0.011685200693321907,En observación,['Priorizar el pago de deuda antes de nuevos compromisos financieros']
user_0056,1341.14,0.0,Alta,546,0.0,0.0,0.0,0.0,0.0,0.0,0.0,0.0,0.0,0.0,Saludable,['Mantener los hábitos financieros actuales']
user_0057,4643.13,1.0,Alta,433,4.0,0.0,0.0,0.0,0.0,0.0,0.0,0.0,4.0,0.0008614878325612248,En observación,['Priorizar el pago de deuda antes de nuevos compromisos financieros']
user_0058,2123.19,0.0,Alta,743,0.0,0.0,17.0,0.0,0.0,0.0,0.0,0.0,17.0,0.00800681992661985,Saludable,['Mantener los hábitos financieros actuales']
user_0059,3805.3,0.0,Alta,343,1.0,0.0,0.0,0.0,0.0,0.0,0.0,0.0,1.0,0.0002627913699314114,Saludable,['Mantener los hábitos financieros actuales']
user_0060,3814.2,0.0,Alta,695,0.0,0.0,0.0,0.0,2.0,0.0,0.0,0.0,2.0,0.0005243563525772115,Saludable,['Mantener los hábitos financieros actuales']
user_0061,3325.53,0.0,Alta,722,0.0,0.0,0.0,0.0,0.0,0.0,0.0,0.0,0.0,0.0,Saludable,['Mantener los hábitos financieros actuales']
user_0062,3342.05,0.0,Alta,473,0.0,0.0,18.0,0.0,2.0,0.0,0.0,0.0,20.0,0.0059843509223380855,Saludable,['Mantener los hábitos financieros actuales']
user_0063,2596.91,1.0,Alta,597,0.0,0.0,5.0,0.0,0.0,0.0,0.0,0.0,5.0,0.0019253651454998442,En observación,['Priorizar el pago de deuda antes de nuevos compromisos financieros']
user_0064,3221.55,0.0,Alta,641,4.0,0.0,0.0,0.0,9.0,0.0,0.0,0.0,13.0,0.004035324610823982,Saludable,['Mantener los hábitos financieros actuales']
user_0065,5848.4,0.36,Alta,847,0.0,0.0,0.0,0.0,0.0,0.0,0.0,0.0,0.0,0.0,Saludable,['Priorizar el pago de deuda antes de nuevos compromisos financieros']
user_0066,3916.32,0.0,Alta,660,0.0,0.0,0.0,0.0,0.0,0.0,0.0,0.0,0.0,0.0,Saludable,['Mantener los hábitos financieros actuales']
user_0067,4260.58,0.0,Alta,610,0.0,0.0,0.0,0.0,2.0,0.0,0.0,0.0,2.0,0.0004694196564786954,Saludable,['Mantener los hábitos financieros actuales']
user_0068,3927.2,1.0,Alta,691,0.0,0.0,0.0,0.0,0.0,0.0,0.0,0.0,0.0,0.0,En observación,['Priorizar el pago de deuda antes de nuevos compromisos financieros']
user_0069,2621.11,0.0,Alta,396,1.0,0.0,92.0,5.0,27.0,0.0,0.0,0.0,125.0,0.04768971924108488,Saludable,['Mantener los hábitos financieros actuales']
user_0070,3524.25,0.0,Alta,496,5.0,0.0,0.0,0.0,1.0,0.0,0.0,0.0,6.0,0.0017024898914662695,Saludable,['Mantener los hábitos financieros actuales']
user_0071,4532.8,0.0,Alta,424,23.0,0.0,0.0,0.0,1.0,0.0,0.0,0.0,24.0,0.005294740557712672,Saludable,['Mantener los hábitos financieros actuales']
user_0072,5730.64,0.0,Alta,783,1.0,0.0,0.0,0.0,2.0,0.0,0.0,0.0,3.0,0.0005235017380257702,Saludable,['Mantener los hábitos financieros actuales']
user_0073,6590.13,0.0,Alta,379,0.0,0.0,3.0,0.0,1.0,0.0,0.0,0.0,4.0,0.0006069682995631345,Saludable,['Mantener los hábitos financieros actuales']
user_0074,2580.62,0.0,Alta,806,0.0,0.0,10.0,6.0,9.0,0.0,0.0,0.0,25.0,0.009687594454045927,Saludable,['Mantener los hábitos financieros actuales']
user_0075,3032.49,0.0,Alta,778,0.0,0.0,0.0,0.0,0.0,0.0,0.0,0.0,0.0,0.0,Saludable,['Mantener los hábitos financieros actuales']
user_0076,1536.36,0.0,Alta,333,0.0,0.0,0.0,0.0,1.0,0.0,0.0,0.0,1.0,0.0006508891145304486,Saludable,['Mantener los hábitos financieros actuales']
user_0077,4224.84,0.0,Alta,306,0.0,0.0,0.0,0.0,3.0,0.0,0.0,0.0,3.0,0.0007100860624307666,Saludable,['Mantener los hábitos financieros actuales']
user_0078,8060.46,0.0,Alta,325,0.0,0.0,70.0,0.0,0.0,0.0,0.0,0.0,70.0,0.00868436788967379,Saludable,['Mantener los hábitos financieros actuales']
user_0079,1947.25,1.0,Alta,567,0.0,0.0,0.0,0.0,3.0,0.0,0.0,0.0,3.0,0.0015406342277570933,En observación,['Priorizar el pago de deuda antes de nuevos compromisos financieros']
user_0080,1827.49,0.08,Alta,472,0.0,0.0,0.0,0.0,0.0,0.0,0.0,0.0,0.0,0.0,Saludable,['Mantener los hábitos financieros actuales']
user_0081,2726.3,0.0,Alta,317,0.0,0.0,0.0,0.0,2.0,0.0,0.0,0.0,2.0,0.0007335949822103216,Saludable,['Mantener los hábitos financieros actuales']
user_0082,4062.49,1.0,Alta,725,0.0,0.0,6.0,0.0,0.0,0.0,0.0,0.0,6.0,0.0014769267124349846,En observación,['Priorizar el pago de deuda antes de nuevos compromisos financieros']
user_0083,4058.94,0.0,Alta,440,0.0,0.0,8.0,0.0,1.0,0.0,0.0,0.0,9.0,0.00221732767668406,Saludable,['Mantener los hábitos financieros actuales']
user_0084,4226.04,0.0,Alta,328,0.0,0.0,0.0,0.0,2.0,0.0,0.0,0.0,2.0,0.00047325628720977557,Saludable,['Mantener los hábitos financieros actuales']
user_0085,5423.64,0.0,Alta,499,0.0,0.0,0.0,0.0,0.0,0.0,0.0,0.0,0.0,0.0,Saludable,['Mantener los hábitos financieros actuales']
user_0086,1233.85,1.0,Alta,330,0.0,0.0,0.0,0.0,0.0,0.0,0.0,0.0,0.0,0.0,En observación,['Priorizar el pago de deuda antes de nuevos compromisos financieros']
user_0087,3401.58,0.0,Alta,400,9.0,0.0,0.0,0.0,24.0,0.0,0.0,0.0,33.0,0.009701374067345175,Saludable,['Mantener los hábitos financieros actuales']
user_0088,5627.29,0.0,Alta,376,0.0,0.0,471.0,0.0,3.0,0.0,0.0,0.0,474.0,0.0842323747309984,Saludable,['Mantener los hábitos financieros actuales']
user_0089,6312.71,0.0,Alta,470,0.0,0.0,9.0,0.0,0.0,0.0,0.0,0.0,9.0,0.0014256951451912096,Saludable,['Mantener los hábitos financieros actuales']
user_0090,2674.28,0.0,Alta,813,23.0,0.0,0.0,0.0,0.0,0.0,0.0,0.0,23.0,0.008600445727448135,Saludable,['Mantener los hábitos financieros actuales']
user_0091,2540.48,0.05,Alta,626,5.0,0.0,3.0,0.0,1.0,0.0,0.0,0.0,9.0,0.0035426376117898978,Saludable,['Mantener los hábitos financieros actuales']
user_0092,1308.68,1.0,Alta,501,0.0,0.0,0.0,0.0,0.0,0.0,0.0,0.0,0.0,0.0,En observación,['Priorizar el pago de deuda antes de nuevos compromisos financieros']
user_0093,1180.95,0.0,Alta,380,10.0,0.0,12.0,0.0,0.0,0.0,0.0,0.0,22.0,0.018629069816673016,Saludable,['Mantener los hábitos financieros actuales']
user_0094,2487.31,0.0,Alta,357,11.0,0.0,6.0,0.0,0.0,0.0,0.0,0.0,17.0,0.00683469290116632,Saludable,['Mantener los hábitos financieros actuales']
user_0095,4799.27,0.64,Alta,656,4.0,0.0,0.0,0.0,0.0,0.0,0.0,0.0,4.0,0.0008334600887218264,En observación,['Priorizar el pago de deuda antes de nuevos compromisos financieros']
user_0096,2475.37,0.0,Alta,841,0.0,0.0,62.0,0.0,2.0,0.0,0.0,0.0,64.0,0.02585472070841935,Saludable,['Mantener los hábitos financieros actuales']
user_0097,4105.13,0.33,Alta,671,0.0,0.0,0.0,0.0,1.0,0.0,0.0,0.0,1.0,0.0002435976448979691,Saludable,['Mantener los hábitos financieros actuales']
user_0098,2652.09,0.34,Alta,441,0.0,0.0,0.0,0.0,0.0,0.0,0.0,0.0,0.0,0.0,Saludable,['Mantener los hábitos financieros actuales']
user_0099,3967.13,0.0,Alta,308,0.0,0.0,0.0,0.0,1.0,0.0,0.0,0.0,1.0,0.00025207139670240197,Saludable,['Mantener los hábitos financieros actuales']
user_0100,3879.12,0.61,Alta,577,0.0,0.0,9.0,0.0,1.0,0.0,0.0,0.0,10.0,0.0025779042669471426,En observación,['Priorizar el pago de deuda antes de nuevos compromisos financieros']
user_0101,3782.06,0.0,Alta,577,12.0,0.0,0.0,0.0,1.0,0.0,0.0,0.0,13.0,0.003437280212371036,Saludable,['Mantener los hábitos financieros actuales']
user_0102,7048.51,0.0,Alta,308,15.0,0.0,0.0,0.0,2.0,0.0,0.0,0.0,17.0,0.0024118572577750473,Saludable,['Mantener los hábitos financieros actuales']
user_0103,2978.77,0.0,Alta,585,0.0,0.0,4.0,0.0,1.0,0.0,0.0,0.0,5.0,0.0016785451713291057,Saludable,['Mantener los hábitos financieros actuales']
user_0104,5943.4,1.0,Media,319,0.0,0.0,10.0,0.0,1.0,0.0,0.0,0.0,11.0,0.0018507924756873172,En observación,['Priorizar el pago de deuda antes de nuevos compromisos financieros']
user_0105,4380.09,0.0,Alta,628,0.0,0.0,4.0,0.0,0.0,0.0,0.0,0.0,4.0,0.0009132232442712364,Saludable,['Mantener los hábitos financieros actuales']
user_0106,5307.65,1.0,Alta,838,0.0,0.0,0.0,0.0,10.0,0.0,0.0,0.0,10.0,0.0018840729889875935,En observación,['Priorizar el pago de deuda antes de nuevos compromisos financieros']
user_0107,4051.62,1.0,Alta,790,313.0,0.0,0.0,0.0,11.0,0.0,0.0,0.0,324.0,0.07996801279488205,En observación,['Priorizar el pago de deuda antes de nuevos compromisos financieros']
user_0108,5679.38,0.0,Alta,303,0.0,0.0,0.0,0.0,4.0,0.0,0.0,0.0,4.0,0.0007043022301730118,Saludable,['Mantener los hábitos financieros actuales']
user_0109,3994.58,0.98,Alta,614,0.0,0.0,0.0,0.0,0.0,0.0,0.0,0.0,0.0,0.0,En observación,['Priorizar el pago de deuda antes de nuevos compromisos financieros']
user_0110,5224.21,0.0,Alta,844,0.0,0.0,5.0,0.0,0.0,0.0,0.0,0.0,5.0,0.0009570825062545342,Saludable,['Mantener los hábitos financieros actuales']
user_0111,6768.69,0.0,Alta,648,0.0,42.0,16.0,0.0,0.0,0.0,0.0,0.0,58.0,0.008568866353755306,Saludable,['Mantener los hábitos financieros actuales']
user_0112,2755.79,1.0,Alta,549,0.0,0.0,0.0,0.0,0.0,0.0,0.0,0.0,0.0,0.0,En observación,['Priorizar el pago de deuda antes de nuevos compromisos financieros']
user_0113,5162.53,0.0,Alta,453,0.0,0.0,14.0,114.0,2.0,0.0,0.0,0.0,130.0,0.025181451730062587,Saludable,['Mantener los hábitos financieros actuales']
user_0114,970.14,0.0,Alta,496,0.0,0.0,0.0,0.0,0.0,0.0,0.0,0.0,0.0,0.0,Saludable,['Mantener los hábitos financieros actuales']
user_0115,6921.17,0.0,Alta,693,0.0,0.0,3.0,0.0,1.0,0.0,0.0,0.0,4.0,0.0005779369673046609,Saludable,['Mantener los hábitos financieros actuales']
user_0116,4898.4,0.0,Alta,490,0.0,0.0,0.0,0.0,0.0,0.0,0.0,0.0,0.0,0.0,Saludable,['Mantener los hábitos financieros actuales']
user_0117,3486.05,0.0,Alta,469,4.0,0.0,0.0,0.0,0.0,0.0,0.0,0.0,4.0,0.0011474304728847835,Saludable,['Mantener los hábitos financieros actuales']
user_0118,4849.31,0.0,Alta,493,0.0,0.0,4.0,0.0,22.0,0.0,0.0,0.0,26.0,0.005361587524823119,Saludable,['Mantener los hábitos financieros actuales']
user_0119,5552.56,0.0,Alta,795,0.0,0.0,0.0,0.0,0.0,0.0,0.0,0.0,0.0,0.0,Saludable,['Mantener los hábitos financieros actuales']
user_0120,952.09,1.0,Alta,616,1.0,0.0,0.0,0.0,0.0,0.0,0.0,0.0,1.0,0.0010503208730267097,En observación,['Priorizar el pago de deuda antes de nuevos compromisos financieros']
user_0121,5582.68,0.0,Alta,815,0.0,0.0,10.0,0.0,0.0,0.0,0.0,0.0,10.0,0.001791254379616958,Saludable,['Mantener los hábitos financieros actuales']
user_0122,5761.8,0.0,Alta,440,17.0,0.0,0.0,0.0,0.0,0.0,0.0,0.0,17.0,0.002950466867992641,Saludable,['Mantener los hábitos financieros actuales']
user_0123,3237.86,1.0,Alta,397,0.0,0.0,0.0,0.0,0.0,0.0,0.0,0.0,0.0,0.0,En observación,['Priorizar el pago de deuda antes de nuevos compromisos financieros']
user_0124,2457.62,0.0,Alta,680,4.0,0.0,8.0,0.0,1.0,0.0,0.0,0.0,13.0,0.005289670494217983,Saludable,['Mantener los hábitos financieros actuales']
user_0125,4583.26,0.0,Alta,532,0.0,0.0,0.0,0.0,3.0,0.0,0.0,0.0,3.0,0.0006545559274402935,Saludable,['Mantener los hábitos financieros actuales']
user_0126,6377.99,0.0,Alta,469,5.0,0.0,0.0,0.0,1.0,0.0,0.0,0.0,6.0,0.0009407352473114571,Saludable,['Mantener los hábitos financieros actuales']
user_0127,2576.48,0.0,Alta,498,0.0,0.0,0.0,0.0,0.0,0.0,0.0,0.0,0.0,0.0,Saludable,['Mantener los hábitos financieros actuales']
user_0128,2172.45,0.0,Alta,733,0.0,0.0,1.0,0.0,5.0,0.0,0.0,0.0,6.0,0.0027618587309259134,Saludable,['Mantener los hábitos financieros actuales']
user_0129,4428.94,1.0,Alta,577,4.0,0.0,21.0,0.0,0.0,0.0,0.0,0.0,25.0,0.005644691506319797,En observación,['Priorizar el pago de deuda antes de nuevos compromisos financieros']
user_0130,4829.46,0.0,Alta,835,0.0,0.0,5.0,0.0,1.0,0.0,0.0,0.0,6.0,0.0012423749239045359,Saludable,['Mantener los hábitos financieros actuales']
user_0131,671.78,1.0,Alta,636,0.0,0.0,0.0,0.0,0.0,0.0,0.0,0.0,0.0,0.0,En observación,['Priorizar el pago de deuda antes de nuevos compromisos financieros']
user_0132,936.62,0.0,Alta,816,0.0,0.0,8.0,0.0,1.0,0.0,0.0,0.0,9.0,0.009609019666460251,Saludable,['Mantener los hábitos financieros actuales']
user_0133,3994.36,0.0,Alta,632,3.0,0.0,1168.0,0.0,22.0,0.0,0.0,0.0,1193.0,0.2986711262880662,Saludable,['Mantener los hábitos financieros actuales']
user_0134,7884.36,1.0,Alta,352,0.0,0.0,0.0,0.0,0.0,0.0,0.0,0.0,0.0,0.0,En observación,['Priorizar el pago de deuda antes de nuevos compromisos financieros']
user_0135,1890.01,0.0,Alta,584,0.0,0.0,9.0,0.0,0.0,0.0,0.0,0.0,9.0,0.004761879566774779,Saludable,['Mantener los hábitos financieros actuales']
user_0136,535.83,0.0,Alta,517,9.0,0.0,0.0,0.0,0.0,0.0,0.0,0.0,9.0,0.01679637198365153,Saludable,['Mantener los hábitos financieros actuales']
user_0137,4943.41,0.0,Alta,772,0.0,0.0,0.0,0.0,1.0,0.0,0.0,0.0,1.0,0.00020228951270479285,Saludable,['Mantener los hábitos financieros actuales']
user_0138,4042.97,0.0,Alta,317,0.0,0.0,25.0,0.0,2.0,0.0,0.0,0.0,27.0,0.006678258804789549,Saludable,['Mantener los hábitos financieros actuales']
user_0139,7889.84,0.63,Alta,599,27.0,0.0,2.0,0.0,2.0,0.0,0.0,0.0,31.0,0.003929103758758099,En observación,['Priorizar el pago de deuda antes de nuevos compromisos financieros']
user_0140,900.3,1.0,Alta,664,0.0,0.0,63.0,0.0,2.0,0.0,0.0,0.0,65.0,0.0721981561701655,En observación,['Priorizar el pago de deuda antes de nuevos compromisos financieros']
user_0141,5676.09,0.0,Alta,395,0.0,0.0,0.0,0.0,0.0,0.0,0.0,0.0,0.0,0.0,Saludable,['Mantener los hábitos financieros actuales']
user_0142,546.28,0.0,Alta,658,0.0,232.0,0.0,0.0,0.0,0.0,0.0,0.0,232.0,0.4246906348392766,Saludable,['Mantener los hábitos financieros actuales']
user_0143,4529.06,0.0,Alta,761,0.0,0.0,0.0,0.0,0.0,0.0,0.0,0.0,0.0,0.0,Saludable,['Mantener los hábitos financieros actuales']
user_0144,1008.23,1.0,Alta,518,0.0,0.0,0.0,0.0,0.0,0.0,0.0,0.0,0.0,0.0,En observación,['Priorizar el pago de deuda antes de nuevos compromisos financieros']
user_0145,3537.76,0.0,Alta,746,0.0,0.0,0.0,0.0,0.0,0.0,0.0,0.0,0.0,0.0,Saludable,['Mantener los hábitos financieros actuales']
user_0146,3753.73,1.0,Alta,502,0.0,0.0,16.0,0.0,0.0,0.0,0.0,0.0,16.0,0.004262426972637883,En observación,['Priorizar el pago de deuda antes de nuevos compromisos financieros']
user_0147,2243.29,0.0,Alta,348,0.0,0.0,0.0,0.0,7.0,0.0,0.0,0.0,7.0,0.003120416887696196,Saludable,['Mantener los hábitos financieros actuales']
user_0148,5419.46,0.14,Alta,787,0.0,0.0,3.0,0.0,0.0,0.0,0.0,0.0,3.0,0.0005535606868581003,Saludable,['Mantener los hábitos financieros actuales']
user_0149,8169.57,0.0,Alta,519,0.0,0.0,0.0,0.0,0.0,0.0,0.0,0.0,0.0,0.0,Saludable,['Mantener los hábitos financieros actuales']
user_0150,4326.31,0.0,Alta,650,0.0,0.0,0.0,0.0,0.0,0.0,0.0,0.0,0.0,0.0,Saludable,['Mantener los hábitos financieros actuales']
user_0151,1395.58,0.0,Alta,414,0.0,0.0,161.0,0.0,3.0,0.0,0.0,0.0,164.0,0.11751386520299804,Saludable,['Mantener los hábitos financieros actuales']
user_0152,2903.58,0.0,Alta,591,0.0,0.0,7.0,0.0,0.0,0.0,0.0,0.0,7.0,0.0024108169914381556,Saludable,['Mantener los hábitos financieros actuales']
user_0153,451.24,1.0,Alta,361,0.0,0.0,0.0,0.0,3.0,0.0,0.0,0.0,3.0,0.0066483467777679285,En observación,['Priorizar el pago de deuda antes de nuevos compromisos financieros']
user_0154,1707.38,0.0,Alta,612,0.0,0.0,0.0,27.0,0.0,0.0,0.0,0.0,27.0,0.015813702866380067,Saludable,['Mantener los hábitos financieros actuales']
user_0155,480.13,0.0,Alta,625,0.0,0.0,53.0,12.0,2.0,0.0,0.0,0.0,67.0,0.13954553974965114,Saludable,['Mantener los hábitos financieros actuales']
user_0156,6233.59,0.0,Alta,797,0.0,0.0,0.0,0.0,2.0,0.0,0.0,0.0,2.0,0.00032084240381545785,Saludable,['Mantener los hábitos financieros actuales']
user_0157,3804.65,0.52,Alta,523,0.0,0.0,0.0,0.0,0.0,0.0,0.0,0.0,0.0,0.0,En observación,['Priorizar el pago de deuda antes de nuevos compromisos financieros']
user_0158,2862.13,0.0,Alta,834,0.0,0.0,7.0,0.0,0.0,0.0,0.0,0.0,7.0,0.0024457309765803788,Saludable,['Mantener los hábitos financieros actuales']
user_0159,6767.97,0.03,Alta,405,0.0,0.0,0.0,0.0,1.0,0.0,0.0,0.0,1.0,0.0001477547920572934,Saludable,['Mantener los hábitos financieros actuales']
user_0160,5944.38,0.0,Alta,682,0.0,0.0,0.0,0.0,0.0,0.0,0.0,0.0,0.0,0.0,Saludable,['Mantener los hábitos financieros actuales']
user_0161,6722.04,0.0,Alta,469,0.0,0.0,0.0,0.0,0.0,0.0,0.0,0.0,0.0,0.0,Saludable,['Mantener los hábitos financieros actuales']
user_0162,2545.67,0.0,Alta,325,0.0,0.0,0.0,0.0,0.0,0.0,0.0,0.0,0.0,0.0,Saludable,['Mantener los hábitos financieros actuales']
user_0163,4745.09,0.0,Alta,455,0.0,0.0,0.0,0.0,2.0,0.0,0.0,0.0,2.0,0.0004214883173975625,Saludable,['Mantener los hábitos financieros actuales']
user_0164,5326.14,0.08,Alta,404,6.0,0.0,0.0,0.0,35.0,0.0,0.0,0.0,41.0,0.007697882519047565,Saludable,['Mantener los hábitos financieros actuales']
user_0165,2344.64,0.0,Alta,741,3.0,16.0,21.0,0.0,0.0,0.0,0.0,0.0,40.0,0.017060188344479324,Saludable,['Mantener los hábitos financieros actuales']
user_0166,3928.57,0.0,Alta,741,0.0,0.0,0.0,0.0,15.0,0.0,0.0,0.0,15.0,0.003818183206612075,Saludable,['Mantener los hábitos financieros actuales']
user_0167,2092.59,0.0,Alta,452,0.0,0.0,0.0,0.0,0.0,0.0,0.0,0.0,0.0,0.0,Saludable,['Mantener los hábitos financieros actuales']
user_0168,770.93,0.0,Alta,480,5.0,0.0,0.0,0.0,0.0,0.0,0.0,0.0,5.0,0.006485673148016033,Saludable,['Mantener los hábitos financieros actuales']
user_0169,1564.84,0.21,Alta,565,0.0,8.0,1172.0,0.0,1.0,0.0,0.0,0.0,1181.0,0.754709746683367,Saludable,['Mantener los hábitos financieros actuales']
user_0170,4360.8,0.0,Alta,338,0.0,0.0,0.0,0.0,15.0,0.0,0.0,0.0,15.0,0.0034397358282883873,Saludable,['Mantener los hábitos financieros actuales']
user_0171,7506.95,1.0,Alta,426,0.0,0.0,15.0,0.0,0.0,0.0,0.0,0.0,15.0,0.0019981483824988845,En observación,['Priorizar el pago de deuda antes de nuevos compromisos financieros']
user_0172,3670.83,0.0,Alta,660,0.0,0.0,0.0,0.0,0.0,0.0,0.0,0.0,0.0,0.0,Saludable,['Mantener los hábitos financieros actuales']
user_0173,4226.04,0.0,Alta,630,0.0,25.0,0.0,0.0,2.0,0.0,0.0,0.0,27.0,0.006388959877331971,Saludable,['Mantener los hábitos financieros actuales']
user_0174,3023.56,1.0,Alta,790,9.0,0.0,0.0,0.0,2.0,0.0,0.0,0.0,11.0,0.0036380954900845364,En observación,['Priorizar el pago de deuda antes de nuevos compromisos financieros']
user_0175,1571.19,0.0,Alta,794,2.0,0.0,0.0,23.0,1.0,0.0,0.0,0.0,26.0,0.01654796682769111,Saludable,['Mantener los hábitos financieros actuales']
user_0176,9270.7,1.0,Alta,626,0.0,0.0,0.0,0.0,1.0,0.0,0.0,0.0,1.0,0.00010786671988091513,En observación,['Priorizar el pago de deuda antes de nuevos compromisos financieros']
user_0177,2735.97,1.0,Alta,603,0.0,0.0,0.0,0.0,1.0,0.0,0.0,0.0,1.0,0.00036550108371071323,En observación,['Priorizar el pago de deuda antes de nuevos compromisos financieros']
user_0178,4699.0,0.0,Alta,472,14.0,0.0,0.0,0.0,0.0,0.0,0.0,0.0,14.0,0.0029793573100659713,Saludable,['Mantener los hábitos financieros actuales']
user_0179,5673.66,0.3,Alta,673,12.0,0.0,1.0,0.0,0.0,0.0,0.0,0.0,13.0,0.0022912899257269558,Saludable,['Mantener los hábitos financieros actuales']
user_0180,7635.24,0.0,Alta,647,6.0,0.0,0.0,0.0,1.0,0.0,0.0,0.0,7.0,0.0009168015674687371,Saludable,['Mantener los hábitos financieros actuales']
user_0181,7400.5,0.03,Alta,772,0.0,0.0,0.0,0.0,0.0,0.0,0.0,0.0,0.0,0.0,Saludable,['Mantener los hábitos financieros actuales']
user_0182,2971.44,0.0,Alta,729,0.0,0.0,0.0,0.0,3.0,0.0,0.0,0.0,3.0,0.001009611501494225,Saludable,['Mantener los hábitos financieros actuales']
user_0183,4174.7,0.0,Alta,709,0.0,0.0,0.0,0.0,1.0,0.0,0.0,0.0,1.0,0.00023953817040745445,Saludable,['Mantener los hábitos financieros actuales']
user_0184,3284.94,0.0,Alta,839,0.0,0.0,20.0,0.0,4.0,0.0,0.0,0.0,24.0,0.007306069517251456,Saludable,['Mantener los hábitos financieros actuales']
user_0185,4480.01,1.0,Alta,767,0.0,0.0,0.0,0.0,5.0,0.0,0.0,0.0,5.0,0.001116068937346122,En observación,['Priorizar el pago de deuda antes de nuevos compromisos financieros']
user_0186,3644.06,0.0,Alta,326,0.0,0.0,0.0,0.0,1.0,0.0,0.0,0.0,1.0,0.00027441919178059637,Saludable,['Mantener los hábitos financieros actuales']
user_0187,2301.83,0.47,Alta,729,22.0,0.0,0.0,0.0,1.0,0.0,0.0,0.0,23.0,0.009992049803851719,En observación,['Priorizar el pago de deuda antes de nuevos compromisos financieros']
user_0188,5611.61,0.0,Alta,543,0.0,0.0,0.0,0.0,0.0,0.0,0.0,0.0,0.0,0.0,Saludable,['Mantener los hábitos financieros actuales']
user_0189,7390.33,0.0,Alta,333,5.0,0.0,14.0,0.0,1.0,0.0,0.0,0.0,20.0,0.00270623909893063,Saludable,['Mantener los hábitos financieros actuales']
user_0190,5084.89,0.58,Alta,434,0.0,0.0,6.0,0.0,1.0,0.0,0.0,0.0,7.0,0.00137662761632995,En observación,['Priorizar el pago de deuda antes de nuevos compromisos financieros']
user_0191,4045.21,0.0,Alta,527,0.0,0.0,0.0,0.0,0.0,0.0,0.0,0.0,0.0,0.0,Saludable,['Mantener los hábitos financieros actuales']
user_0192,572.72,1.0,Alta,423,0.0,0.0,10.0,0.0,0.0,0.0,0.0,0.0,10.0,0.01746053918144992,En observación,['Priorizar el pago de deuda antes de nuevos compromisos financieros']
user_0193,5110.3,0.39,Alta,825,0.0,0.0,0.0,0.0,0.0,0.0,0.0,0.0,0.0,0.0,Saludable,['Priorizar el pago de deuda antes de nuevos compromisos financieros']
user_0194,4073.17,0.0,Alta,609,6.0,0.0,0.0,0.0,3.0,0.0,0.0,0.0,9.0,0.002209581235254114,Saludable,['Mantener los hábitos financieros actuales']
user_0195,4176.54,0.0,Alta,648,1.0,0.0,0.0,0.0,0.0,0.0,0.0,0.0,1.0,0.00023943264041527198,Saludable,['Mantener los hábitos financieros actuales']
user_0196,5153.53,0.0,Alta,387,0.0,11.0,0.0,0.0,12.0,0.0,0.0,0.0,23.0,0.00446296033980592,Saludable,['Mantener los hábitos financieros actuales']
user_0197,5047.91,1.0,Alta,620,22.0,0.0,9.0,0.0,13.0,0.0,0.0,0.0,44.0,0.008716478701086192,En observación,['Priorizar el pago de deuda antes de nuevos compromisos financieros']
user_0198,2443.91,1.0,Alta,345,0.0,0.0,29.0,0.0,6.0,0.0,0.0,0.0,35.0,0.014321312977973821,En observación,['Priorizar el pago de deuda antes de nuevos compromisos financieros']
user_0199,460.42,0.0,Alta,840,0.0,0.0,0.0,0.0,0.0,0.0,0.0,0.0,0.0,0.0,Saludable,['Mantener los hábitos financieros actuales']
user_0200,4718.89,0.03,Alta,511,0.0,0.0,3.0,0.0,0.0,0.0,0.0,0.0,3.0,0.0006357427276329814,Saludable,['Mantener los hábitos financieros actuales']
user_0201,4298.17,0.0,Alta,398,0.0,0.0,0.0,0.0,1.0,0.0,0.0,0.0,1.0,0.00023265715409115972,Saludable,['Mantener los hábitos financieros actuales']
user_0202,4758.55,0.0,Alta,471,0.0,0.0,0.0,0.0,12.0,0.0,0.0,0.0,12.0,0.0025217765916087883,Saludable,['Mantener los hábitos financieros actuales']
user_0203,5249.24,0.74,Alta,475,0.0,0.0,0.0,0.0,0.0,0.0,0.0,0.0,0.0,0.0,En observación,['Priorizar el pago de deuda antes de nuevos compromisos financieros']
user_0204,4213.74,1.0,Alta,761,0.0,0.0,0.0,0.0,0.0,0.0,0.0,0.0,0.0,0.0,En observación,['Priorizar el pago de deuda antes de nuevos compromisos financieros']
user_0205,2631.88,0.0,Alta,618,55.0,0.0,0.0,0.0,0.0,0.0,0.0,0.0,55.0,0.020897609313494537,Saludable,['Mantener los hábitos financieros actuales']
user_0206,8622.81,0.1,Alta,768,0.0,0.0,5.0,0.0,1.0,0.0,0.0,0.0,6.0,0.0006958288539350862,Saludable,['Mantener los hábitos financieros actuales']
user_0207,3059.04,0.0,Alta,300,0.0,0.0,60.0,0.0,2.0,0.0,0.0,0.0,62.0,0.02026779643286783,Saludable,['Mantener los hábitos financieros actuales']
user_0208,3996.99,0.0,Alta,838,0.0,0.0,0.0,0.0,1.0,0.0,0.0,0.0,1.0,0.0002501882666706697,Saludable,['Mantener los hábitos financieros actuales']
user_0209,3524.3,1.0,Alta,499,4.0,0.0,0.0,0.0,1.0,0.0,0.0,0.0,5.0,0.0014187214482308543,En observación,['Priorizar el pago de deuda antes de nuevos compromisos financieros']
user_0210,2959.51,0.0,Alta,454,0.0,0.0,5.0,0.0,0.0,0.0,0.0,0.0,5.0,0.0016894688647782908,Saludable,['Mantener los hábitos financieros actuales']
user_0211,2642.71,0.0,Alta,333,0.0,0.0,0.0,0.0,0.0,0.0,0.0,0.0,0.0,0.0,Saludable,['Mantener los hábitos financieros actuales']
user_0212,454.56,0.0,Alta,758,0.0,0.0,0.0,0.0,12.0,0.0,0.0,0.0,12.0,0.026399155227032733,Saludable,['Mantener los hábitos financieros actuales']
user_0213,3683.03,0.0,Alta,452,0.0,17.0,0.0,0.0,1.0,0.0,0.0,0.0,18.0,0.004887280309962177,Saludable,['Mantener los hábitos financieros actuales']
user_0214,5376.37,0.22,Alta,747,0.0,0.0,0.0,0.0,25.0,0.0,0.0,0.0,25.0,0.00464997758710803,Saludable,['Mantener los hábitos financieros actuales']
user_0215,6185.78,0.0,Alta,415,0.0,0.0,1.0,0.0,0.0,0.0,0.0,0.0,1.0,0.00016166110013611864,Saludable,['Mantener los hábitos financieros actuales']
user_0216,3253.97,0.12,Alta,816,0.0,0.0,17.0,0.0,1.0,0.0,0.0,0.0,18.0,0.0055317043488415695,Saludable,['Mantener los hábitos financieros actuales']
user_0217,5214.98,0.0,Alta,809,5.0,0.0,0.0,0.0,0.0,0.0,0.0,0.0,5.0,0.0009587764478483139,Saludable,['Mantener los hábitos financieros actuales']
user_0218,2917.76,1.0,Alta,506,27.0,0.0,9.0,0.0,5.0,0.0,0.0,0.0,41.0,0.014051875411274402,En observación,['Priorizar el pago de deuda antes de nuevos compromisos financieros']
user_0219,8618.48,0.0,Alta,789,0.0,0.0,0.0,0.0,0.0,0.0,0.0,0.0,0.0,0.0,Saludable,['Mantener los hábitos financieros actuales']
user_0220,3098.04,0.09,Alta,746,1.0,0.0,142.0,0.0,14.0,0.0,0.0,0.0,157.0,0.050677202360201935,Saludable,['Mantener los hábitos financieros actuales']
user_0221,3760.3,0.0,Alta,778,0.0,0.0,0.0,0.0,10.0,0.0,0.0,0.0,10.0,0.002659362284924075,Saludable,['Mantener los hábitos financieros actuales']
user_0222,2523.76,0.0,Alta,411,0.0,0.0,0.0,0.0,0.0,0.0,0.0,0.0,0.0,0.0,Saludable,['Mantener los hábitos financieros actuales']
user_0223,2683.7,0.0,Alta,747,0.0,0.0,0.0,0.0,0.0,0.0,0.0,0.0,0.0,0.0,Saludable,['Mantener los hábitos financieros actuales']
user_0224,3928.42,1.0,Alta,536,0.0,38.0,0.0,0.0,11.0,0.0,0.0,0.0,49.0,0.012473208058201516,En observación,['Priorizar el pago de deuda antes de nuevos compromisos financieros']
user_0225,6564.57,0.08,Alta,676,11.0,8.0,80.0,0.0,2.0,0.0,0.0,0.0,101.0,0.015385623125353222,Saludable,['Mantener los hábitos financieros actuales']
user_0226,5204.67,0.0,Alta,407,0.0,0.0,0.0,0.0,0.0,0.0,0.0,0.0,0.0,0.0,Saludable,['Mantener los hábitos financieros actuales']
user_0227,3133.6,0.26,Alta,544,0.0,0.0,5.0,0.0,4.0,0.0,0.0,0.0,9.0,0.0028720959918304826,Saludable,['Mantener los hábitos financieros actuales']
user_0228,3502.16,0.15,Alta,794,0.0,0.0,0.0,0.0,0.0,0.0,0.0,0.0,0.0,0.0,Saludable,['Mantener los hábitos financieros actuales']
user_0229,1550.77,0.0,Alta,411,11.0,0.0,104.0,0.0,13.0,0.0,0.0,0.0,128.0,0.0825396415974,Saludable,['Mantener los hábitos financieros actuales']
user_0230,4417.97,0.04,Alta,776,2.0,0.0,1.0,0.0,3.0,0.0,0.0,0.0,6.0,0.0013580898014246361,Saludable,['Mantener los hábitos financieros actuales']
user_0231,4284.36,0.0,Alta,725,0.0,0.0,0.0,0.0,0.0,0.0,0.0,0.0,0.0,0.0,Saludable,['Mantener los hábitos financieros actuales']
user_0232,3315.37,1.0,Alta,652,0.0,0.0,0.0,0.0,0.0,0.0,0.0,0.0,0.0,0.0,En observación,['Priorizar el pago de deuda antes de nuevos compromisos financieros']
user_0233,1717.88,0.0,Alta,333,0.0,0.0,0.0,0.0,0.0,0.0,0.0,0.0,0.0,0.0,Saludable,['Mantener los hábitos financieros actuales']
user_0234,7896.06,1.0,Alta,803,0.0,0.0,0.0,0.0,7.0,0.0,0.0,0.0,7.0,0.0008865180862354135,En observación,['Priorizar el pago de deuda antes de nuevos compromisos financieros']
user_0235,4217.91,0.0,Alta,735,0.0,0.0,0.0,0.0,0.0,0.0,0.0,0.0,0.0,0.0,Saludable,['Mantener los hábitos financieros actuales']
user_0236,3837.62,0.0,Alta,428,0.0,0.0,0.0,0.0,1.0,0.0,0.0,0.0,1.0,0.00026057817084547196,Saludable,['Mantener los hábitos financieros actuales']
user_0237,1827.85,0.86,Alta,577,0.0,0.0,13.0,70.0,0.0,0.0,0.0,0.0,83.0,0.04540854008808163,En observación,['Priorizar el pago de deuda antes de nuevos compromisos financieros']
user_0238,5889.46,1.0,Alta,794,0.0,0.0,11.0,0.0,11.0,0.0,0.0,0.0,22.0,0.0037354867848665243,En observación,['Priorizar el pago de deuda antes de nuevos compromisos financieros']
user_0239,2773.15,0.0,Alta,641,0.0,11.0,0.0,0.0,1.0,0.0,0.0,0.0,12.0,0.004327209130411265,Saludable,['Mantener los hábitos financieros actuales']
user_0240,673.07,0.0,Alta,561,0.0,0.0,0.0,0.0,5.0,0.0,0.0,0.0,5.0,0.007428647837520614,Saludable,['Mantener los hábitos financieros actuales']
user_0241,6302.26,0.0,Alta,330,0.0,0.0,0.0,0.0,1.0,0.0,0.0,0.0,1.0,0.000158673237854357,Saludable,['Mantener los hábitos financieros actuales']
user_0242,5494.62,0.0,Alta,364,0.0,0.0,64.0,0.0,1.0,0.0,0.0,0.0,65.0,0.011829753467937729,Saludable,['Mantener los hábitos financieros actuales']
user_0243,3368.81,0.0,Alta,554,0.0,0.0,0.0,18.0,2.0,0.0,0.0,0.0,20.0,0.005936814483452614,Saludable,['Mantener los hábitos financieros actuales']
user_0244,4034.17,0.0,Alta,555,11.0,0.0,0.0,0.0,4.0,0.0,0.0,0.0,15.0,0.003718236960762685,Saludable,['Mantener los hábitos financieros actuales']
user_0245,3052.12,1.0,Alta,538,0.0,0.0,6.0,0.0,0.0,0.0,0.0,0.0,6.0,0.001965846690169456,En observación,['Priorizar el pago de deuda antes de nuevos compromisos financieros']
user_0246,6843.26,1.0,Alta,404,6.0,0.0,3.0,0.0,21.0,0.0,0.0,0.0,30.0,0.004383875521315864,En observación,['Priorizar el pago de deuda antes de nuevos compromisos financieros']
user_0247,5544.1,0.16,Alta,702,0.0,0.0,0.0,0.0,1.0,0.0,0.0,0.0,1.0,0.0001803719269132952,Saludable,['Mantener los hábitos financieros actuales']
user_0248,3636.91,0.0,Alta,486,13.0,0.0,12.0,0.0,6.0,0.0,0.0,0.0,31.0,0.008523719311173496,Saludable,['Mantener los hábitos financieros actuales']
user_0249,5843.89,0.0,Alta,472,0.0,0.0,34.0,0.0,5.0,0.0,0.0,0.0,39.0,0.0066736369096612016,Saludable,['Mantener los hábitos financieros actuales']
user_0250,3660.16,0.0,Alta,828,0.0,0.0,0.0,0.0,0.0,0.0,0.0,0.0,0.0,0.0,Saludable,['Mantener los hábitos financieros actuales']
user_0251,978.71,0.0,Alta,386,0.0,0.0,0.0,0.0,1.0,0.0,0.0,0.0,1.0,0.0010217531240101767,Saludable,['Mantener los hábitos financieros actuales']
user_0252,509.76,1.0,Alta,335,0.0,0.0,0.0,0.0,2.0,0.0,0.0,0.0,2.0,0.003923414940364093,En observación,['Priorizar el pago de deuda antes de nuevos compromisos financieros']
user_0253,4298.34,0.31,Alta,794,0.0,11.0,119.0,0.0,0.0,0.0,0.0,0.0,130.0,0.030244233820498144,Saludable,['Mantener los hábitos financieros actuales']
user_0254,4711.92,0.0,Alta,600,0.0,0.0,0.0,0.0,0.0,0.0,0.0,0.0,0.0,0.0,Saludable,['Mantener los hábitos financieros actuales']
user_0255,3423.55,0.0,Alta,447,0.0,0.0,0.0,0.0,0.0,0.0,0.0,0.0,0.0,0.0,Saludable,['Mantener los hábitos financieros actuales']
user_0256,5186.39,1.0,Alta,362,0.0,0.0,0.0,0.0,19.0,0.0,0.0,0.0,19.0,0.003663434489114779,En observación,['Priorizar el pago de deuda antes de nuevos compromisos financieros']
user_0257,2530.91,0.0,Alta,319,0.0,0.0,0.0,0.0,0.0,0.0,0.0,0.0,0.0,0.0,Saludable,['Mantener los hábitos financieros actuales']
user_0258,5666.33,0.21,Alta,513,6.0,0.0,42.0,0.0,0.0,0.0,0.0,0.0,48.0,0.008471091517790175,Saludable,['Mantener los hábitos financieros actuales']
user_0259,4512.94,0.59,Alta,538,2.0,0.0,0.0,0.0,1.0,0.0,0.0,0.0,3.0,0.0006647551263699496,En observación,['Priorizar el pago de deuda antes de nuevos compromisos financieros']
user_0260,3615.14,0.0,Alta,300,0.0,0.0,0.0,0.0,2.0,0.0,0.0,0.0,2.0,0.000553228920595053,Saludable,['Mantener los hábitos financieros actuales']
user_0261,4325.16,1.0,Alta,462,0.0,0.0,0.0,0.0,0.0,0.0,0.0,0.0,0.0,0.0,En observación,['Priorizar el pago de deuda antes de nuevos compromisos financieros']
user_0262,2781.26,1.0,Alta,726,3.0,39.0,0.0,0.0,2.0,0.0,0.0,0.0,44.0,0.015820167837598785,En observación,['Priorizar el pago de deuda antes de nuevos compromisos financieros']
user_0263,4556.74,0.0,Alta,451,0.0,0.0,23.0,0.0,1.0,0.0,0.0,0.0,24.0,0.005266923282873283,Saludable,['Mantener los hábitos financieros actuales']
user_0264,488.38,0.0,Alta,770,0.0,0.0,0.0,0.0,1.0,0.0,0.0,0.0,1.0,0.002047585896228347,Saludable,['Mantener los hábitos financieros actuales']
user_0265,3152.81,0.0,Alta,342,14.0,0.0,71.0,0.0,0.0,0.0,0.0,0.0,85.0,0.026960076883795727,Saludable,['Mantener los hábitos financieros actuales']
user_0266,486.91,0.0,Alta,495,0.0,0.0,0.0,0.0,1.0,0.0,0.0,0.0,1.0,0.0020537676367295803,Saludable,['Mantener los hábitos financieros actuales']
user_0267,4426.42,0.05,Alta,412,0.0,0.0,17.0,0.0,16.0,0.0,0.0,0.0,33.0,0.0074552347043434644,Saludable,['Mantener los hábitos financieros actuales']
user_0268,3453.15,0.29,Alta,815,0.0,0.0,0.0,0.0,0.0,0.0,0.0,0.0,0.0,0.0,Saludable,['Mantener los hábitos financieros actuales']
user_0269,5230.62,0.0,Alta,712,0.0,0.0,0.0,0.0,0.0,0.0,0.0,0.0,0.0,0.0,Saludable,['Mantener los hábitos financieros actuales']
user_0270,2873.77,0.0,Alta,546,11.0,0.0,0.0,0.0,3.0,0.0,0.0,0.0,14.0,0.0048716494361065775,Saludable,['Mantener los hábitos financieros actuales']
user_0271,4268.34,0.21,Alta,374,0.0,0.0,0.0,0.0,0.0,0.0,0.0,0.0,0.0,0.0,Saludable,['Mantener los hábitos financieros actuales']
user_0272,1908.54,0.9,Alta,568,0.0,0.0,11.0,0.0,0.0,0.0,0.0,0.0,11.0,0.0057635679629454975,En observación,['Priorizar el pago de deuda antes de nuevos compromisos financieros']
user_0273,6023.87,0.0,Alta,810,0.0,0.0,0.0,0.0,0.0,0.0,0.0,0.0,0.0,0.0,Saludable,['Mantener los hábitos financieros actuales']
user_0274,2623.47,0.0,Alta,400,1.0,0.0,0.0,0.0,1.0,0.0,0.0,0.0,2.0,0.0007623491025245191,Saludable,['Mantener los hábitos financieros actuales']
user_0275,4640.53,1.0,Alta,720,0.0,0.0,43.0,0.0,0.0,0.0,0.0,0.0,43.0,0.009266182957550108,En observación,['Priorizar el pago de deuda antes de nuevos compromisos financieros']
user_0276,1244.34,1.0,Alta,554,0.0,0.0,0.0,0.0,4.0,0.0,0.0,0.0,4.0,0.003214555507337223,En observación,['Priorizar el pago de deuda antes de nuevos compromisos financieros']
user_0277,5145.48,0.0,Alta,499,4.0,35.0,64.0,0.0,19.0,0.0,0.0,0.0,122.0,0.02371013005589372,Saludable,['Mantener los hábitos financieros actuales']
user_0278,2222.85,1.0,Alta,446,0.0,0.0,0.0,0.0,0.0,0.0,0.0,0.0,0.0,0.0,En observación,['Priorizar el pago de deuda antes de nuevos compromisos financieros']
user_0279,6532.34,0.0,Alta,310,0.0,0.0,32.0,0.0,0.0,0.0,0.0,0.0,32.0,0.004898703986626538,Saludable,['Mantener los hábitos financieros actuales']
user_0280,4290.74,1.0,Alta,512,0.0,0.0,0.0,0.0,1.0,0.0,0.0,0.0,1.0,0.00023306003160294028,En observación,['Priorizar el pago de deuda antes de nuevos compromisos financieros']
user_0281,2586.66,1.0,Alta,786,0.0,0.0,0.0,0.0,0.0,0.0,0.0,0.0,0.0,0.0,En observación,['Priorizar el pago de deuda antes de nuevos compromisos financieros']
user_0282,6317.88,0.0,Alta,804,0.0,0.0,0.0,0.0,0.0,0.0,0.0,0.0,0.0,0.0,Saludable,['Mantener los hábitos financieros actuales']
user_0283,4536.58,0.0,Alta,458,0.0,0.0,0.0,0.0,0.0,0.0,0.0,0.0,0.0,0.0,Saludable,['Mantener los hábitos financieros actuales']
user_0284,5462.58,0.12,Alta,535,0.0,0.0,0.0,0.0,0.0,0.0,0.0,0.0,0.0,0.0,Saludable,['Mantener los hábitos financieros actuales']
user_0285,2598.28,0.0,Alta,486,0.0,0.0,0.0,0.0,2.0,0.0,0.0,0.0,2.0,0.0007697399818341363,Saludable,['Mantener los hábitos financieros actuales']
user_0286,1542.68,0.0,Alta,624,4.0,0.0,18.0,0.0,2.0,0.0,0.0,0.0,24.0,0.015557341768869758,Saludable,['Mantener los hábitos financieros actuales']
user_0287,2568.87,0.14,Alta,674,0.0,0.0,0.0,0.0,0.0,0.0,0.0,0.0,0.0,0.0,Saludable,['Mantener los hábitos financieros actuales']
user_0288,754.86,0.0,Alta,472,0.0,0.0,0.0,0.0,1.0,0.0,0.0,0.0,1.0,0.0013247489600720663,Saludable,['Mantener los hábitos financieros actuales']
user_0289,4092.05,1.0,Alta,836,0.0,0.0,0.0,0.0,0.0,0.0,0.0,0.0,0.0,0.0,En observación,['Priorizar el pago de deuda antes de nuevos compromisos financieros']
user_0290,5470.17,0.8,Alta,705,0.0,0.0,0.0,0.0,1.0,0.0,0.0,0.0,1.0,0.0001828096750192407,En observación,['Priorizar el pago de deuda antes de nuevos compromisos financieros']
user_0291,5813.49,0.0,Alta,737,0.0,0.0,7.0,0.0,17.0,0.0,0.0,0.0,24.0,0.004128329110396681,Saludable,['Mantener los hábitos financieros actuales']
user_0292,7074.77,0.03,Alta,531,0.0,0.0,0.0,0.0,0.0,0.0,0.0,0.0,0.0,0.0,Saludable,['Mantener los hábitos financieros actuales']
user_0293,5034.37,0.0,Alta,530,0.0,0.0,29.0,0.0,2.0,0.0,0.0,0.0,31.0,0.006157672161561427,Saludable,['Mantener los hábitos financieros actuales']
user_0294,5223.26,1.0,Alta,517,1.0,0.0,0.0,0.0,0.0,0.0,0.0,0.0,1.0,0.00019145131584489378,En observación,['Priorizar el pago de deuda antes de nuevos compromisos financieros']
user_0295,2350.29,1.0,Alta,571,0.0,0.0,0.0,0.0,0.0,0.0,0.0,0.0,0.0,0.0,En observación,['Priorizar el pago de deuda antes de nuevos compromisos financieros']
user_0296,2298.02,0.0,Alta,721,0.0,0.0,0.0,0.0,0.0,0.0,0.0,0.0,0.0,0.0,Saludable,['Mantener los hábitos financieros actuales']
user_0297,4041.11,0.0,Alta,595,0.0,0.0,0.0,0.0,1.0,0.0,0.0,0.0,1.0,0.00024745676311706434,Saludable,['Mantener los hábitos financieros actuales']
user_0298,7385.5,0.0,Alta,814,0.0,0.0,0.0,0.0,0.0,0.0,0.0,0.0,0.0,0.0,Saludable,['Mantener los hábitos financieros actuales']
user_0299,4472.44,0.0,Alta,795,0.0,0.0,0.0,12.0,1.0,0.0,0.0,0.0,13.0,0.002906690754934667,Saludable,['Mantener los hábitos financieros actuales']
user_0300,1432.28,0.74,Alta,768,0.0,0.0,0.0,0.0,1.0,0.0,0.0,0.0,1.0,0.0006981875052364063,En observación,['Priorizar el pago de deuda antes de nuevos compromisos financieros']
user_0301,2875.66,1.0,Alta,556,0.0,0.0,10.0,0.0,10.0,0.0,0.0,0.0,20.0,0.006954925130230973,En observación,['Priorizar el pago de deuda antes de nuevos compromisos financieros']
user_0302,4968.82,0.0,Alta,626,0.0,0.0,0.0,0.0,1.0,0.0,0.0,0.0,1.0,0.00020125502634428297,Saludable,['Mantener los hábitos financieros actuales']
user_0303,792.16,0.0,Alta,694,10.0,0.0,210.0,0.0,17.0,0.0,0.0,0.0,237.0,0.29918198343768937,Saludable,['Mantener los hábitos financieros actuales']
user_0304,4859.34,0.0,Alta,773,0.0,0.0,0.0,0.0,0.0,0.0,0.0,0.0,0.0,0.0,Saludable,['Mantener los hábitos financieros actuales']
user_0305,7017.53,0.0,Alta,705,6.0,0.0,0.0,0.0,2.0,0.0,0.0,0.0,8.0,0.0011400022515044468,Saludable,['Mantener los hábitos financieros actuales']
user_0306,4367.71,0.0,Alta,448,0.0,0.0,0.0,0.0,1.0,0.0,0.0,0.0,1.0,0.00022895292956721027,Saludable,['Mantener los hábitos financieros actuales']
user_0307,1701.76,1.0,Alta,468,0.0,0.0,0.0,0.0,1.0,0.0,0.0,0.0,1.0,0.000587626927416322,En observación,['Priorizar el pago de deuda antes de nuevos compromisos financieros']
user_0308,4179.26,0.0,Alta,598,10.0,0.0,2.0,0.0,5.0,0.0,0.0,0.0,17.0,0.004067705766092561,Saludable,['Mantener los hábitos financieros actuales']
user_0309,2619.91,0.0,Alta,433,0.0,0.0,0.0,0.0,0.0,0.0,0.0,0.0,0.0,0.0,Saludable,['Mantener los hábitos financieros actuales']
user_0310,4316.75,0.76,Alta,464,0.0,0.0,11.0,0.0,2.0,0.0,0.0,0.0,13.0,0.0030115248740371805,En observación,['Priorizar el pago de deuda antes de nuevos compromisos financieros']
user_0311,2539.36,0.0,Alta,762,11.0,0.0,0.0,0.0,25.0,0.0,0.0,0.0,36.0,0.014176800453657613,Saludable,['Mantener los hábitos financieros actuales']
user_0312,4149.59,0.0,Alta,620,0.0,0.0,6.0,0.0,3.0,0.0,0.0,0.0,9.0,0.0021688889745733915,Saludable,['Mantener los hábitos financieros actuales']
user_0313,5167.22,0.0,Alta,546,0.0,0.0,0.0,0.0,2.0,0.0,0.0,0.0,2.0,0.0003870553218171473,Saludable,['Mantener los hábitos financieros actuales']
user_0314,1472.28,0.0,Alta,830,0.0,0.0,0.0,0.0,1.0,0.0,0.0,0.0,1.0,0.0006792186268916239,Saludable,['Mantener los hábitos financieros actuales']
user_0315,3879.44,0.0,Alta,511,0.0,0.0,0.0,0.0,2.0,0.0,0.0,0.0,2.0,0.0005155383251190894,Saludable,['Mantener los hábitos financieros actuales']
user_0316,2649.85,1.0,Alta,573,0.0,0.0,0.0,0.0,5.0,0.0,0.0,0.0,5.0,0.0018868992584485916,En observación,['Priorizar el pago de deuda antes de nuevos compromisos financieros']
user_0317,3256.89,1.0,Alta,653,0.0,0.0,0.0,0.0,0.0,0.0,0.0,0.0,0.0,0.0,En observación,['Priorizar el pago de deuda antes de nuevos compromisos financieros']
user_0318,4034.89,0.81,Alta,390,14.0,0.0,24.0,0.0,3.0,0.0,0.0,0.0,41.0,0.01016136747222353,En observación,['Priorizar el pago de deuda antes de nuevos compromisos financieros']
user_0319,5545.01,1.0,Alta,638,1.0,0.0,0.0,0.0,0.0,0.0,0.0,0.0,1.0,0.00018034232580283895,En observación,['Priorizar el pago de deuda antes de nuevos compromisos financieros']
user_0320,5155.58,1.0,Alta,737,0.0,0.0,0.0,0.0,1.0,0.0,0.0,0.0,1.0,0.0001939645975816494,En observación,['Priorizar el pago de deuda antes de nuevos compromisos financieros']
user_0321,4754.59,0.0,Alta,702,0.0,0.0,20.0,0.0,10.0,0.0,0.0,0.0,30.0,0.006309692318370248,Saludable,['Mantener los hábitos financieros actuales']
user_0322,4443.81,1.0,Alta,539,0.0,0.0,92.0,0.0,1.0,0.0,0.0,0.0,93.0,0.020927987470211372,En observación,['Priorizar el pago de deuda antes de nuevos compromisos financieros']
user_0323,5141.19,0.0,Alta,421,0.0,0.0,0.0,0.0,0.0,0.0,0.0,0.0,0.0,0.0,Saludable,['Mantener los hábitos financieros actuales']
user_0324,7295.6,0.36,Alta,573,0.0,0.0,34.0,0.0,2.0,0.0,0.0,0.0,36.0,0.004934481057075497,Saludable,['Priorizar el pago de deuda antes de nuevos compromisos financieros']
user_0325,5172.87,0.0,Media,302,0.0,0.0,0.0,0.0,0.0,0.0,0.0,0.0,0.0,0.0,Saludable,['Mantener los hábitos financieros actuales']
user_0326,5194.95,0.39,Alta,736,2.0,0.0,5.0,0.0,5.0,0.0,0.0,0.0,12.0,0.002309935610544856,Saludable,['Priorizar el pago de deuda antes de nuevos compromisos financieros']
user_0327,4438.58,0.0,Alta,337,0.0,0.0,0.0,0.0,0.0,0.0,0.0,0.0,0.0,0.0,Saludable,['Mantener los hábitos financieros actuales']
user_0328,7994.82,1.0,Alta,393,0.0,0.0,0.0,0.0,0.0,0.0,0.0,0.0,0.0,0.0,En observación,['Priorizar el pago de deuda antes de nuevos compromisos financieros']
user_0329,4462.57,0.0,Alta,698,0.0,0.0,0.0,0.0,1.0,0.0,0.0,0.0,1.0,0.0002240861207779374,Saludable,['Mantener los hábitos financieros actuales']
user_0330,3688.37,0.0,Alta,489,0.0,0.0,0.0,1.0,0.0,0.0,0.0,0.0,1.0,0.00027112247415525016,Saludable,['Mantener los hábitos financieros actuales']
user_0331,8766.27,0.0,Alta,595,0.0,0.0,11.0,0.0,25.0,0.0,0.0,0.0,36.0,0.004106649692514604,Saludable,['Mantener los hábitos financieros actuales']
user_0332,4764.96,0.75,Alta,432,0.0,0.0,14.0,0.0,2.0,0.0,0.0,0.0,16.0,0.0033578456062590242,En observación,['Priorizar el pago de deuda antes de nuevos compromisos financieros']
user_0333,1129.51,1.0,Alta,335,0.0,0.0,0.0,0.0,0.0,0.0,0.0,0.0,0.0,0.0,En observación,['Priorizar el pago de deuda antes de nuevos compromisos financieros']
user_0334,3353.22,0.0,Alta,618,0.0,0.0,0.0,0.0,0.0,0.0,0.0,0.0,0.0,0.0,Saludable,['Mantener los hábitos financieros actuales']
user_0335,1928.66,0.0,Alta,597,28.0,0.0,5.0,0.0,1.0,0.0,0.0,0.0,34.0,0.0176288200097477,Saludable,['Mantener los hábitos financieros actuales']
user_0336,2467.74,0.0,Alta,484,0.0,0.0,0.0,0.0,3.0,0.0,0.0,0.0,3.0,0.0012156872279899828,Saludable,['Mantener los hábitos financieros actuales']
user_0337,4572.05,0.0,Alta,315,10.0,0.0,24.0,0.0,12.0,0.0,0.0,0.0,46.0,0.010061132314825952,Saludable,['Mantener los hábitos financieros actuales']
user_0338,3178.89,0.0,Alta,794,0.0,0.0,11.0,0.0,0.0,0.0,0.0,0.0,11.0,0.0034603273469670233,Saludable,['Mantener los hábitos financieros actuales']
user_0339,3124.98,1.0,Alta,688,0.0,0.0,0.0,0.0,0.0,0.0,0.0,0.0,0.0,0.0,En observación,['Priorizar el pago de deuda antes de nuevos compromisos financieros']
user_0340,2195.4,0.0,Alta,627,0.0,31.0,30.0,0.0,3.0,0.0,0.0,0.0,64.0,0.029151862986243962,Saludable,['Mantener los hábitos financieros actuales']
user_0341,4963.64,0.0,Alta,716,0.0,0.0,0.0,0.0,0.0,0.0,0.0,0.0,0.0,0.0,Saludable,['Mantener los hábitos financieros actuales']
user_0342,452.75,1.0,Alta,413,7.0,0.0,0.0,0.0,2.0,0.0,0.0,0.0,9.0,0.019878520154610713,En observación,['Priorizar el pago de deuda antes de nuevos compromisos financieros']
user_0343,3486.05,0.0,Alta,723,0.0,0.0,0.0,0.0,0.0,0.0,0.0,0.0,0.0,0.0,Saludable,['Mantener los hábitos financieros actuales']
user_0344,4408.89,0.0,Alta,687,0.0,5.0,10.0,0.0,0.0,0.0,0.0,0.0,15.0,0.0034022168845219544,Saludable,['Mantener los hábitos financieros actuales']
user_0345,5411.36,0.34,Alta,567,0.0,0.0,0.0,0.0,0.0,0.0,0.0,0.0,0.0,0.0,Saludable,['Mantener los hábitos financieros actuales']
user_0346,3903.36,0.0,Alta,342,0.0,0.0,0.0,0.0,23.0,0.0,0.0,0.0,23.0,0.005892359403180849,Saludable,['Mantener los hábitos financieros actuales']
user_0347,2722.09,1.0,Alta,652,0.0,0.0,23.0,0.0,1.0,0.0,0.0,0.0,24.0,0.008816754772986933,En observación,['Priorizar el pago de deuda antes de nuevos compromisos financieros']
user_0348,1553.18,1.0,Alta,353,2.0,0.0,22.0,0.0,0.0,0.0,0.0,0.0,24.0,0.015452169098237165,En observación,['Priorizar el pago de deuda antes de nuevos compromisos financieros']
user_0349,2553.76,0.0,Alta,697,5.0,0.0,31.0,0.0,3.0,0.0,0.0,0.0,39.0,0.015271599523839358,Saludable,['Mantener los hábitos financieros actuales']
user_0350,5542.16,0.23,Alta,656,0.0,0.0,0.0,0.0,0.0,0.0,0.0,0.0,0.0,0.0,Saludable,['Mantener los hábitos financieros actuales']
user_0351,1177.45,1.0,Alta,677,0.0,21.0,0.0,0.0,1.0,0.0,0.0,0.0,22.0,0.018684445199371524,En observación,['Priorizar el pago de deuda antes de nuevos compromisos financieros']
user_0352,3006.44,0.17,Alta,470,0.0,0.0,0.0,0.0,19.0,0.0,0.0,0.0,19.0,0.006319766900387169,Saludable,['Mantener los hábitos financieros actuales']
user_0353,7158.44,0.0,Alta,544,0.0,0.0,0.0,0.0,0.0,0.0,0.0,0.0,0.0,0.0,Saludable,['Mantener los hábitos financieros actuales']
user_0354,7370.96,0.0,Alta,471,11.0,0.0,77.0,0.0,14.0,0.0,0.0,0.0,102.0,0.013838088932784874,Saludable,['Mantener los hábitos financieros actuales']
user_0355,5027.87,0.0,Alta,734,0.0,0.0,0.0,0.0,0.0,0.0,0.0,0.0,0.0,0.0,Saludable,['Mantener los hábitos financieros actuales']
user_0356,5415.99,0.0,Alta,788,0.0,0.0,0.0,0.0,0.0,0.0,0.0,0.0,0.0,0.0,Saludable,['Mantener los hábitos financieros actuales']
user_0357,7018.98,0.04,Alta,783,0.0,0.0,0.0,0.0,14.0,0.0,0.0,0.0,14.0,0.001994591806786741,Saludable,['Mantener los hábitos financieros actuales']
user_0358,3757.37,0.0,Alta,594,15.0,0.0,16.0,0.0,5.0,0.0,0.0,0.0,36.0,0.009581169807604787,Saludable,['Mantener los hábitos financieros actuales']
user_0359,2573.82,0.0,Alta,367,0.0,0.0,0.0,0.0,0.0,0.0,0.0,0.0,0.0,0.0,Saludable,['Mantener los hábitos financieros actuales']
user_0360,6350.63,0.0,Alta,592,0.0,0.0,0.0,0.0,0.0,0.0,0.0,0.0,0.0,0.0,Saludable,['Mantener los hábitos financieros actuales']
user_0361,4429.01,1.0,Alta,615,0.0,0.0,41.0,0.0,0.0,0.0,0.0,0.0,41.0,0.009257147759883134,En observación,['Priorizar el pago de deuda antes de nuevos compromisos financieros']
user_0362,3062.85,0.0,Alta,350,0.0,0.0,9.0,0.0,1.0,0.0,0.0,0.0,10.0,0.0032649329872504367,Saludable,['Mantener los hábitos financieros actuales']
user_0363,5104.5,0.0,Alta,735,0.0,0.0,3.0,19.0,4.0,0.0,0.0,0.0,26.0,0.005093544911352728,Saludable,['Mantener los hábitos financieros actuales']
user_0364,782.28,0.0,Alta,818,5.0,0.0,0.0,0.0,0.0,0.0,0.0,0.0,5.0,0.006391573349695761,Saludable,['Mantener los hábitos financieros actuales']
user_0365,4280.27,1.0,Alta,784,31.0,0.0,0.0,0.0,1.0,0.0,0.0,0.0,32.0,0.007476163886857604,En observación,['Priorizar el pago de deuda antes de nuevos compromisos financieros']
user_0366,5286.65,1.0,Alta,334,0.0,0.0,59.0,0.0,0.0,0.0,0.0,0.0,59.0,0.01116018650752367,En observación,['Priorizar el pago de deuda antes de nuevos compromisos financieros']
user_0367,5602.92,0.0,Media,302,0.0,0.0,0.0,0.0,0.0,0.0,0.0,0.0,0.0,0.0,Saludable,['Mantener los hábitos financieros actuales']
user_0368,1479.53,0.0,Alta,629,0.0,0.0,6.0,0.0,0.0,0.0,0.0,0.0,6.0,0.0040553418991166115,Saludable,['Mantener los hábitos financieros actuales']
user_0369,5800.46,0.81,Alta,628,0.0,0.0,0.0,0.0,13.0,0.0,0.0,0.0,13.0,0.0022412015598762855,En observación,['Priorizar el pago de deuda antes de nuevos compromisos financieros']
user_0370,5227.42,0.5,Alta,486,0.0,0.0,8.0,0.0,0.0,0.0,0.0,0.0,8.0,0.0015303916654869898,En observación,['Priorizar el pago de deuda antes de nuevos compromisos financieros']
user_0371,4576.82,0.0,Alta,490,0.0,0.0,0.0,0.0,0.0,0.0,0.0,0.0,0.0,0.0,Saludable,['Mantener los hábitos financieros actuales']
user_0372,2447.88,0.0,Alta,366,5.0,0.0,7.0,0.0,0.0,0.0,0.0,0.0,12.0,0.004902201088288641,Saludable,['Mantener los hábitos financieros actuales']
user_0373,2752.1,1.0,Alta,634,6.0,33.0,0.0,0.0,2.0,0.0,0.0,0.0,41.0,0.014897714472584572,En observación,['Priorizar el pago de deuda antes de nuevos compromisos financieros']
user_0374,2703.04,0.0,Alta,499,0.0,0.0,5.0,0.0,10.0,0.0,0.0,0.0,15.0,0.005549307446430686,Saludable,['Mantener los hábitos financieros actuales']
user_0375,2578.26,0.0,Alta,818,0.0,0.0,0.0,0.0,0.0,0.0,0.0,0.0,0.0,0.0,Saludable,['Mantener los hábitos financieros actuales']
user_0376,4317.81,0.0,Alta,496,0.0,0.0,312.0,0.0,1.0,0.0,0.0,0.0,313.0,0.07249045233579059,Saludable,['Mantener los hábitos financieros actuales']
user_0377,4730.96,0.0,Alta,804,5.0,0.0,0.0,25.0,2.0,0.0,0.0,0.0,32.0,0.006763954884420921,Saludable,['Mantener los hábitos financieros actuales']
user_0378,4305.4,0.55,Alta,514,0.0,0.0,12.0,0.0,0.0,0.0,0.0,0.0,12.0,0.002787197472940958,En observación,['Priorizar el pago de deuda antes de nuevos compromisos financieros']
user_0379,3450.53,0.0,Alta,800,0.0,0.0,48.0,0.0,0.0,0.0,0.0,0.0,48.0,0.01391090644045987,Saludable,['Mantener los hábitos financieros actuales']
user_0380,2572.92,0.0,Alta,615,0.0,42.0,20.0,0.0,6.0,0.0,0.0,0.0,68.0,0.02642911555742114,Saludable,['Mantener los hábitos financieros actuales']
user_0381,3406.43,0.12,Alta,816,0.0,0.0,8.0,0.0,0.0,0.0,0.0,0.0,8.0,0.0023484997490040896,Saludable,['Mantener los hábitos financieros actuales']
user_0382,1051.85,0.0,Alta,382,0.0,0.0,0.0,0.0,0.0,0.0,0.0,0.0,0.0,0.0,Saludable,['Mantener los hábitos financieros actuales']
user_0383,2878.64,0.0,Alta,570,13.0,0.0,13.0,0.0,1.0,0.0,0.0,0.0,27.0,0.009379429174888142,Saludable,['Mantener los hábitos financieros actuales']
user_0384,4396.3,0.0,Alta,680,4.0,0.0,42.0,0.0,2.0,0.0,0.0,0.0,48.0,0.010918272183426973,Saludable,['Mantener los hábitos financieros actuales']
user_0385,5994.76,1.0,Alta,345,0.0,0.0,0.0,0.0,0.0,0.0,0.0,0.0,0.0,0.0,En observación,['Priorizar el pago de deuda antes de nuevos compromisos financieros']
user_0386,7817.67,0.0,Alta,348,0.0,0.0,0.0,0.0,0.0,0.0,0.0,0.0,0.0,0.0,Saludable,['Mantener los hábitos financieros actuales']
user_0387,5797.27,1.0,Alta,806,0.0,0.0,0.0,0.0,1.0,0.0,0.0,0.0,1.0,0.00017249498470831958,En observación,['Priorizar el pago de deuda antes de nuevos compromisos financieros']
user_0388,3032.16,1.0,Alta,470,17.0,0.0,34.0,0.0,2.0,0.0,0.0,0.0,53.0,0.01747928869188961,En observación,['Priorizar el pago de deuda antes de nuevos compromisos financieros']
user_0389,5446.26,0.0,Alta,576,5.0,0.0,3.0,0.0,2.0,0.0,0.0,0.0,10.0,0.0018361224032638912,Saludable,['Mantener los hábitos financieros actuales']
user_0390,7136.06,0.0,Alta,673,0.0,0.0,6.0,0.0,2.0,0.0,0.0,0.0,8.0,0.0011210668071737063,Saludable,['Mantener los hábitos financieros actuales']
user_0391,798.04,1.0,Alta,713,0.0,0.0,0.0,0.0,0.0,0.0,0.0,0.0,0.0,0.0,En observación,['Priorizar el pago de deuda antes de nuevos compromisos financieros']
user_0392,4704.36,0.0,Alta,498,5.0,0.0,1810.0,0.0,0.0,0.0,0.0,0.0,1815.0,0.3858123102823764,Saludable,['Mantener los hábitos financieros actuales']
user_0393,5703.13,0.12,Alta,533,6.0,0.0,0.0,0.0,0.0,0.0,0.0,0.0,6.0,0.0010520538721719476,Saludable,['Mantener los hábitos financieros actuales']
user_0394,8860.83,0.0,Alta,766,0.0,0.0,11.0,0.0,0.0,0.0,0.0,0.0,11.0,0.0012414186932826834,Saludable,['Mantener los hábitos financieros actuales']
user_0395,3619.37,1.0,Alta,354,6.0,0.0,5.0,0.0,0.0,0.0,0.0,0.0,11.0,0.003039202955210437,En observación,['Priorizar el pago de deuda antes de nuevos compromisos financieros']
user_0396,5552.9,0.0,Alta,526,0.0,0.0,0.0,0.0,0.0,0.0,0.0,0.0,0.0,0.0,Saludable,['Mantener los hábitos financieros actuales']
user_0397,5566.36,0.0,Alta,307,0.0,0.0,82.0,0.0,2.0,0.0,0.0,0.0,84.0,0.015090651700572727,Saludable,['Mantener los hábitos financieros actuales']
user_0398,4933.16,0.0,Alta,655,6.0,5.0,9.0,0.0,1.0,0.0,0.0,0.0,21.0,0.004256906323735699,Saludable,['Mantener los hábitos financieros actuales']
user_0399,5312.1,0.0,Alta,555,0.0,0.0,0.0,0.0,1.0,0.0,0.0,0.0,1.0,0.00018824946819525232,Saludable,['Mantener los hábitos financieros actuales']
user_0400,4781.04,0.0,Alta,329,0.0,0.0,0.0,0.0,6.0,0.0,0.0,0.0,6.0,0.001254957080467848,Saludable,['Mantener los hábitos financieros actuales']
user_0401,8996.4,0.0,Alta,629,0.0,0.0,0.0,0.0,0.0,0.0,0.0,0.0,0.0,0.0,Saludable,['Mantener los hábitos financieros actuales']
user_0402,5795.32,1.0,Alta,606,16.0,0.0,0.0,0.0,1.0,0.0,0.0,0.0,17.0,0.0029334014342607484,En observación,['Priorizar el pago de deuda antes de nuevos compromisos financieros']
user_0403,2065.58,1.0,Alta,438,44.0,0.0,0.0,0.0,17.0,0.0,0.0,0.0,61.0,0.02953165696801867,En observación,['Priorizar el pago de deuda antes de nuevos compromisos financieros']
user_0404,4125.38,0.2,Alta,381,0.0,0.0,0.0,0.0,0.0,0.0,0.0,0.0,0.0,0.0,Saludable,['Mantener los hábitos financieros actuales']
user_0405,3615.6,1.0,Alta,341,5.0,0.0,0.0,0.0,0.0,0.0,0.0,0.0,5.0,0.0013828963380904968,En observación,['Priorizar el pago de deuda antes de nuevos compromisos financieros']
user_0406,2784.43,0.18,Alta,379,0.0,0.0,0.0,0.0,0.0,0.0,0.0,0.0,0.0,0.0,Saludable,['Mantener los hábitos financieros actuales']
user_0407,6590.58,0.13,Alta,609,0.0,41.0,62.0,0.0,14.0,0.0,0.0,0.0,117.0,0.017752610544140273,Saludable,['Mantener los hábitos financieros actuales']
user_0408,2035.21,1.0,Alta,485,0.0,0.0,6.0,0.0,0.0,0.0,0.0,0.0,6.0,0.002948098721999204,En observación,['Priorizar el pago de deuda antes de nuevos compromisos financieros']
user_0409,5721.58,1.0,Alta,330,19.0,0.0,36.0,0.0,22.0,0.0,0.0,0.0,77.0,0.013457821091376857,En observación,['Priorizar el pago de deuda antes de nuevos compromisos financieros']
user_0410,7314.24,0.0,Alta,499,0.0,0.0,24.0,0.0,0.0,0.0,0.0,0.0,24.0,0.0032812705079406745,Saludable,['Mantener los hábitos financieros actuales']
user_0411,1963.68,1.0,Alta,781,0.0,0.0,0.0,0.0,0.0,0.0,0.0,0.0,0.0,0.0,En observación,['Priorizar el pago de deuda antes de nuevos compromisos financieros']
user_0412,6068.42,1.0,Alta,776,0.0,0.0,0.0,0.0,2.0,0.0,0.0,0.0,2.0,0.0003295750788508376,En observación,['Priorizar el pago de deuda antes de nuevos compromisos financieros']
user_0413,3339.5,0.0,Alta,772,0.0,0.0,0.0,0.0,0.0,0.0,0.0,0.0,0.0,0.0,Saludable,['Mantener los hábitos financieros actuales']
user_0414,6212.59,0.43,Alta,342,5.0,0.0,0.0,0.0,13.0,0.0,0.0,0.0,18.0,0.0028973423322639995,En observación,['Priorizar el pago de deuda antes de nuevos compromisos financieros']
user_0415,7562.55,1.0,Alta,832,0.0,0.0,0.0,0.0,1.0,0.0,0.0,0.0,1.0,0.000132230530707235,En observación,['Priorizar el pago de deuda antes de nuevos compromisos financieros']
user_0416,1080.32,1.0,Alta,766,0.0,0.0,0.0,0.0,0.0,0.0,0.0,0.0,0.0,0.0,En observación,['Priorizar el pago de deuda antes de nuevos compromisos financieros']
user_0417,6739.19,0.0,Alta,697,0.0,0.0,0.0,0.0,6.0,0.0,0.0,0.0,6.0,0.0008903147114119056,Saludable,['Mantener los hábitos financieros actuales']
user_0418,4310.03,0.0,Alta,308,0.0,0.0,0.0,0.0,0.0,0.0,0.0,0.0,0.0,0.0,Saludable,['Mantener los hábitos financieros actuales']
user_0419,2661.89,1.0,Alta,469,0.0,0.0,5.0,0.0,1.0,0.0,0.0,0.0,6.0,0.0022540375447520373,En observación,['Priorizar el pago de deuda antes de nuevos compromisos financieros']
user_0420,4839.45,0.15,Alta,410,0.0,0.0,0.0,0.0,0.0,0.0,0.0,0.0,0.0,0.0,Saludable,['Mantener los hábitos financieros actuales']
user_0421,3561.21,0.0,Alta,588,0.0,0.0,9.0,0.0,2.0,0.0,0.0,0.0,11.0,0.0030888377826637577,Saludable,['Mantener los hábitos financieros actuales']
user_0422,3939.63,0.0,Alta,402,0.0,0.0,0.0,0.0,2.0,0.0,0.0,0.0,2.0,0.0005076618870300003,Saludable,['Mantener los hábitos financieros actuales']
user_0423,3742.12,0.0,Alta,827,16.0,0.0,3.0,0.0,3.0,0.0,0.0,0.0,22.0,0.005879020448302032,Saludable,['Mantener los hábitos financieros actuales']
user_0424,2889.69,1.0,Alta,346,0.0,0.0,0.0,0.0,0.0,0.0,0.0,0.0,0.0,0.0,En observación,['Priorizar el pago de deuda antes de nuevos compromisos financieros']
user_0425,3249.82,1.0,Alta,663,6.0,0.0,0.0,0.0,0.0,0.0,0.0,0.0,6.0,0.0018462561003378649,En observación,['Priorizar el pago de deuda antes de nuevos compromisos financieros']
user_0426,5089.01,0.0,Alta,663,0.0,0.0,11.0,0.0,2.0,0.0,0.0,0.0,13.0,0.0025545243573897474,Saludable,['Mantener los hábitos financieros actuales']
user_0427,6204.58,1.0,Alta,829,0.0,0.0,0.0,0.0,0.0,0.0,0.0,0.0,0.0,0.0,En observación,['Priorizar el pago de deuda antes de nuevos compromisos financieros']
user_0428,5194.81,0.0,Alta,789,0.0,0.0,0.0,0.0,0.0,0.0,0.0,0.0,0.0,0.0,Saludable,['Mantener los hábitos financieros actuales']
user_0429,4100.34,0.0,Alta,790,0.0,0.0,0.0,0.0,0.0,0.0,0.0,0.0,0.0,0.0,Saludable,['Mantener los hábitos financieros actuales']
user_0430,5676.34,0.0,Alta,724,0.0,0.0,0.0,0.0,0.0,0.0,0.0,0.0,0.0,0.0,Saludable,['Mantener los hábitos financieros actuales']
user_0431,507.35,0.0,Alta,623,10.0,0.0,10.0,0.0,8.0,0.0,0.0,0.0,28.0,0.05518872573174337,Saludable,['Mantener los hábitos financieros actuales']
user_0432,3792.87,0.0,Alta,812,0.0,0.0,0.0,0.0,2.0,0.0,0.0,0.0,2.0,0.000527305180509746,Saludable,['Mantener los hábitos financieros actuales']
user_0433,3038.67,0.0,Alta,339,0.0,0.0,0.0,0.0,0.0,0.0,0.0,0.0,0.0,0.0,Saludable,['Mantener los hábitos financieros actuales']
user_0434,4112.75,0.0,Alta,798,0.0,0.0,0.0,0.0,0.0,0.0,0.0,0.0,0.0,0.0,Saludable,['Mantener los hábitos financieros actuales']
user_0435,3033.91,0.0,Alta,467,0.0,0.0,5.0,0.0,0.0,0.0,0.0,0.0,5.0,0.001648038339963941,Saludable,['Mantener los hábitos financieros actuales']
user_0436,4018.16,1.0,Alta,689,6.0,0.0,2.0,0.0,1.0,0.0,0.0,0.0,9.0,0.0022398311665040717,En observación,['Priorizar el pago de deuda antes de nuevos compromisos financieros']
user_0437,5424.48,0.0,Alta,833,2.0,0.0,0.0,0.0,0.0,0.0,0.0,0.0,2.0,0.00036869893519747516,Saludable,['Mantener los hábitos financieros actuales']
user_0438,2688.02,0.0,Alta,644,0.0,0.0,0.0,0.0,0.0,0.0,0.0,0.0,0.0,0.0,Saludable,['Mantener los hábitos financieros actuales']
user_0439,4536.03,0.0,Alta,688,43.0,105.0,21.0,0.0,8.0,0.0,0.0,0.0,177.0,0.039020905946389246,Saludable,['Mantener los hábitos financieros actuales']
user_0440,6360.59,0.0,Alta,511,21.0,0.0,58.0,0.0,25.0,0.0,0.0,0.0,104.0,0.016350684449084125,Saludable,['Mantener los hábitos financieros actuales']
user_0441,5013.74,0.0,Alta,721,0.0,0.0,0.0,0.0,0.0,0.0,0.0,0.0,0.0,0.0,Saludable,['Mantener los hábitos financieros actuales']
user_0442,2266.68,0.99,Alta,695,0.0,0.0,6.0,0.0,1.0,0.0,0.0,0.0,7.0,0.0030882171281345406,En observación,['Priorizar el pago de deuda antes de nuevos compromisos financieros']
user_0443,4135.41,0.0,Alta,749,1.0,0.0,0.0,0.0,1.0,0.0,0.0,0.0,2.0,0.00048362798368239187,Saludable,['Mantener los hábitos financieros actuales']
user_0444,2829.1,0.0,Alta,608,0.0,0.0,20.0,0.0,0.0,0.0,0.0,0.0,20.0,0.007069386023823831,Saludable,['Mantener los hábitos financieros actuales']
user_0445,2501.35,0.0,Alta,318,0.0,0.0,9.0,0.0,0.0,0.0,0.0,0.0,9.0,0.0035980570491934358,Saludable,['Mantener los hábitos financieros actuales']
user_0446,9214.77,0.22,Alta,573,4.0,0.0,0.0,0.0,0.0,0.0,0.0,0.0,4.0,0.0004340857123943408,Saludable,['Mantener los hábitos financieros actuales']
user_0447,4247.91,0.0,Alta,520,0.0,0.0,34.0,0.0,2.0,0.0,0.0,0.0,36.0,0.008474755821097905,Saludable,['Mantener los hábitos financieros actuales']
user_0448,3521.04,0.0,Alta,534,0.0,0.0,0.0,0.0,0.0,0.0,0.0,0.0,0.0,0.0,Saludable,['Mantener los hábitos financieros actuales']
user_0449,2328.06,0.0,Alta,733,5.0,0.0,0.0,0.0,0.0,0.0,0.0,0.0,5.0,0.0021477109696485487,Saludable,['Mantener los hábitos financieros actuales']
user_0450,7911.78,0.0,Alta,429,4.0,0.0,0.0,0.0,3.0,0.0,0.0,0.0,7.0,0.0008847566540020072,Saludable,['Mantener los hábitos financieros actuales']
user_0451,1040.97,0.0,Alta,491,0.0,0.0,0.0,0.0,0.0,0.0,0.0,0.0,0.0,0.0,Saludable,['Mantener los hábitos financieros actuales']
user_0452,3369.8,0.87,Alta,798,0.0,0.0,0.0,0.0,0.0,0.0,0.0,0.0,0.0,0.0,En observación,['Priorizar el pago de deuda antes de nuevos compromisos financieros']
user_0453,5398.3,0.0,Alta,458,65.0,0.0,54.0,0.0,5.0,0.0,0.0,0.0,124.0,0.02297019432043421,Saludable,['Mantener los hábitos financieros actuales']
user_0454,3775.81,0.79,Alta,473,0.0,0.0,0.0,25.0,0.0,0.0,0.0,0.0,25.0,0.006621095870819771,En observación,['Priorizar el pago de deuda antes de nuevos compromisos financieros']
user_0455,6950.96,0.34,Alta,790,0.0,0.0,0.0,0.0,0.0,0.0,0.0,0.0,0.0,0.0,Saludable,['Mantener los hábitos financieros actuales']
user_0456,1852.33,0.0,Alta,376,0.0,0.0,22.0,0.0,0.0,0.0,0.0,0.0,22.0,0.011876933375802368,Saludable,['Mantener los hábitos financieros actuales']
user_0457,3248.08,0.0,Alta,833,0.0,0.0,16.0,0.0,0.0,0.0,0.0,0.0,16.0,0.004925987044654073,Saludable,['Mantener los hábitos financieros actuales']
user_0458,2348.39,1.0,Alta,642,0.0,0.0,0.0,0.0,0.0,0.0,0.0,0.0,0.0,0.0,En observación,['Priorizar el pago de deuda antes de nuevos compromisos financieros']
user_0459,3061.24,0.0,Alta,788,81.0,0.0,0.0,0.0,0.0,0.0,0.0,0.0,81.0,0.026459865936679258,Saludable,['Mantener los hábitos financieros actuales']
user_0460,4635.29,0.0,Alta,819,0.0,0.0,0.0,0.0,0.0,0.0,0.0,0.0,0.0,0.0,Saludable,['Mantener los hábitos financieros actuales']
user_0461,4873.3,0.4,Alta,731,0.0,0.0,0.0,0.0,0.0,0.0,0.0,0.0,0.0,0.0,Saludable,['Priorizar el pago de deuda antes de nuevos compromisos financieros']
user_0462,2956.36,1.0,Alta,462,0.0,0.0,0.0,43.0,2.0,0.0,0.0,0.0,45.0,0.015221420936557118,En observación,['Priorizar el pago de deuda antes de nuevos compromisos financieros']
user_0463,6617.7,0.0,Alta,450,1.0,0.0,0.0,0.0,0.0,0.0,0.0,0.0,1.0,0.00015110990223189325,Saludable,['Mantener los hábitos financieros actuales']
user_0464,4397.88,0.0,Alta,525,0.0,0.0,0.0,0.0,0.0,0.0,0.0,0.0,0.0,0.0,Saludable,['Mantener los hábitos financieros actuales']
user_0465,2114.11,1.0,Alta,440,0.0,0.0,0.0,0.0,34.0,0.0,0.0,0.0,34.0,0.01608241766038664,En observación,['Priorizar el pago de deuda antes de nuevos compromisos financieros']
user_0466,3200.9,1.0,Alta,381,0.0,0.0,0.0,0.0,0.0,0.0,0.0,0.0,0.0,0.0,En observación,['Priorizar el pago de deuda antes de nuevos compromisos financieros']
user_0467,6012.72,0.45,Alta,429,5.0,0.0,0.0,0.0,3.0,0.0,0.0,0.0,8.0,0.0013305126465227052,En observación,['Priorizar el pago de deuda antes de nuevos compromisos financieros']
user_0468,6465.11,0.0,Alta,380,0.0,0.0,0.0,0.0,1.0,0.0,0.0,0.0,1.0,0.0001546764092180953,Saludable,['Mantener los hábitos financieros actuales']
user_0469,3292.54,0.11,Alta,430,0.0,0.0,0.0,43.0,6.0,0.0,0.0,0.0,49.0,0.014882127476051924,Saludable,['Mantener los hábitos financieros actuales']
user_0470,3210.75,0.0,Alta,532,0.0,0.0,0.0,0.0,0.0,0.0,0.0,0.0,0.0,0.0,Saludable,['Mantener los hábitos financieros actuales']
user_0471,3673.38,1.0,Alta,741,0.0,20.0,62.0,0.0,10.0,0.0,0.0,0.0,92.0,0.025045053874088712,En observación,['Priorizar el pago de deuda antes de nuevos compromisos financieros']
user_0472,3100.29,1.0,Alta,790,0.0,0.0,0.0,0.0,1.0,0.0,0.0,0.0,1.0,0.00032255047108496304,En observación,['Priorizar el pago de deuda antes de nuevos compromisos financieros']
user_0473,2882.12,0.0,Alta,697,0.0,0.0,0.0,0.0,0.0,0.0,0.0,0.0,0.0,0.0,Saludable,['Mantener los hábitos financieros actuales']
user_0474,3328.62,1.0,Alta,745,0.0,0.0,0.0,0.0,0.0,0.0,0.0,0.0,0.0,0.0,En observación,['Priorizar el pago de deuda antes de nuevos compromisos financieros']
user_0475,3265.68,0.87,Alta,302,0.0,0.0,0.0,0.0,0.0,0.0,0.0,0.0,0.0,0.0,En observación,['Priorizar el pago de deuda antes de nuevos compromisos financieros']
user_0476,4472.09,0.0,Alta,355,0.0,0.0,0.0,0.0,0.0,0.0,0.0,0.0,0.0,0.0,Saludable,['Mantener los hábitos financieros actuales']
user_0477,1805.69,1.0,Alta,475,0.0,0.0,4.0,36.0,1.0,0.0,0.0,0.0,41.0,0.02270600158388206,En observación,['Priorizar el pago de deuda antes de nuevos compromisos financieros']
user_0478,3138.3,0.0,Alta,338,5.0,0.0,0.0,0.0,0.0,0.0,0.0,0.0,5.0,0.0015932192588344006,Saludable,['Mantener los hábitos financieros actuales']
user_0479,5555.1,1.0,Alta,436,0.0,0.0,0.0,9.0,1.0,0.0,0.0,0.0,10.0,0.0018001476121041924,En observación,['Priorizar el pago de deuda antes de nuevos compromisos financieros']
user_0480,3372.86,0.0,Alta,325,0.0,0.0,0.0,0.0,3.0,0.0,0.0,0.0,3.0,0.0008894528678925303,Saludable,['Mantener los hábitos financieros actuales']
user_0481,6822.18,1.0,Alta,444,0.0,0.0,0.0,0.0,0.0,0.0,0.0,0.0,0.0,0.0,En observación,['Priorizar el pago de deuda antes de nuevos compromisos financieros']
user_0482,544.77,0.0,Alta,624,10.0,0.0,4.0,0.0,2.0,0.0,0.0,0.0,16.0,0.02937019292545478,Saludable,['Mantener los hábitos financieros actuales']
user_0483,1863.78,0.0,Alta,607,0.0,0.0,0.0,0.0,0.0,0.0,0.0,0.0,0.0,0.0,Saludable,['Mantener los hábitos financieros actuales']
user_0484,6770.5,1.0,Alta,687,0.0,0.0,6.0,0.0,0.0,0.0,0.0,0.0,6.0,0.0008861974743371981,En observación,['Priorizar el pago de deuda antes de nuevos compromisos financieros']
user_0485,4002.33,0.0,Alta,336,0.0,0.0,0.0,0.0,0.0,0.0,0.0,0.0,0.0,0.0,Saludable,['Mantener los hábitos financieros actuales']
user_0486,583.92,1.0,Alta,842,0.0,0.0,48.0,201.0,3.0,0.0,0.0,0.0,252.0,0.43156596794081387,En observación,['Priorizar el pago de deuda antes de nuevos compromisos financieros']
user_0487,2632.45,0.0,Alta,682,1.0,35.0,55.0,0.0,1.0,0.0,0.0,0.0,92.0,0.034948432068985166,Saludable,['Mantener los hábitos financieros actuales']
user_0488,7604.42,0.85,Alta,641,0.0,0.0,5.0,0.0,2.0,0.0,0.0,0.0,7.0,0.0009205172781093101,En observación,['Priorizar el pago de deuda antes de nuevos compromisos financieros']
user_0489,788.4,0.0,Alta,606,0.0,0.0,0.0,0.0,0.0,0.0,0.0,0.0,0.0,0.0,Saludable,['Mantener los hábitos financieros actuales']
user_0490,7940.97,0.0,Alta,348,0.0,0.0,0.0,0.0,1.0,0.0,0.0,0.0,1.0,0.00012592920008512815,Saludable,['Mantener los hábitos financieros actuales']
user_0491,3509.68,1.0,Alta,465,0.0,0.0,8.0,0.0,2.0,0.0,0.0,0.0,10.0,0.0028492626108363155,En observación,['Priorizar el pago de deuda antes de nuevos compromisos financieros']
user_0492,662.12,0.0,Alta,571,0.0,28.0,12.0,0.0,2.0,0.0,0.0,0.0,42.0,0.0634326104029481,Saludable,['Mantener los hábitos financieros actuales']
user_0493,3902.68,0.94,Alta,430,0.0,0.0,0.0,0.0,0.0,0.0,0.0,0.0,0.0,0.0,En observación,['Priorizar el pago de deuda antes de nuevos compromisos financieros']
user_0494,6673.28,0.0,Alta,766,0.0,0.0,0.0,0.0,3.0,0.0,0.0,0.0,3.0,0.0004495540423899492,Saludable,['Mantener los hábitos financieros actuales']
user_0495,2280.84,0.0,Alta,791,0.0,0.0,15.0,0.0,1.0,0.0,0.0,0.0,16.0,0.0070149594009224665,Saludable,['Mantener los hábitos financieros actuales']
user_0496,3447.06,0.0,Alta,576,0.0,0.0,0.0,0.0,2.0,0.0,0.0,0.0,2.0,0.0005802045801349556,Saludable,['Mantener los hábitos financieros actuales']
user_0497,8191.4,0.0,Alta,744,0.0,0.0,13.0,0.0,1.0,0.0,0.0,0.0,14.0,0.0017091095539224065,Saludable,['Mantener los hábitos financieros actuales']
user_0498,5696.67,0.82,Alta,735,0.0,0.0,0.0,0.0,1.0,0.0,0.0,0.0,1.0,0.000175541149478555,En observación,['Priorizar el pago de deuda antes de nuevos compromisos financieros']
user_0499,6158.04,0.66,Alta,381,3.0,0.0,0.0,0.0,0.0,0.0,0.0,0.0,3.0,0.0004871679950113997,En observación,['Priorizar el pago de deuda antes de nuevos compromisos financieros']
